Unnamed: 0,性別,年齡,表情,Unnamed: 4,productName,productURL,tempTcode,time(s)
,0,3,6,,【德國WMF】Steak Profi 牛排專用陶瓷平底煎鍋 24cm(德國製)-momo購物網,https://www.momoshop.com.tw/goods/GoodsDetail.jsp?i_code=9746953&Area=search&mdiv=403&oid=1_26&cid=index&kw=%E7%89%9B%E6%8E%92,9,31
,0,2,4,,【永信藥品】健康優見活力B群糖衣錠升級版x12瓶(30粒/瓶)-momo購物網 - 好評推薦 - 2023年10月,https://www.momoshop.com.tw/goods/GoodsDetail.jsp?i_code=6971611&str_category_code=1201400304&ctype=B&Area=DgrpCategory&sourcePageType=4,3,56
,0,2,3,,【Zmi 紫米】QB818 10000mAh 30W PD QC 雙向快充Mini行動電源(紫霞/影黑)-momo購物網 - 好評推薦 - 2023年10月,https://www.momoshop.com.tw/goods/GoodsDetail.jsp?i_code=9192067&Area=search&mdiv=403&oid=1_15&cid=index&kw=%E8%A1%8C%E5%8B%95%E9%9B%BB%E6%BA%90%09,0,30
,0,2,3,,【YOMIX 優迷】P-Mag01 10000mAh 20W快充自帶線Magsafe行動電源(無線磁吸/隱藏支架)-momo購物網,https://www.momoshop.com.tw/goods/GoodsDetail.jsp?i_code=11266144&str_category_code=4201400130&sourcePageType=4,0,30
,0,2,6,,【Apple】iPhone 15 Pro Max(256G/6.7吋)(33W雙孔閃充組)-momo購物網 - 好評推薦 - 2023年10月,https://www.momoshop.com.tw/goods/GoodsDetail.jsp?i_code=11857489&Area=search&mdiv=403&oid=1_28&cid=index&kw=iphone15,0,74
,0,3,6,,【漢克嚴選】紐西蘭PS雪花沙朗牛排_20片組(100g±10％/片)-momo購物網 - 好評推薦 - 2023年10月,https://www.momoshop.com.tw/goods/GoodsDetail.jsp?i_code=6440363&Area=search&mdiv=403&oid=1_1&cid=index&kw=%E7%89%9B%E6%8E%92,3,25
,0,2,0,,【Apple】iPhone 15 Pro(1TB/6.1吋)(迪士尼授權三合一無線充電座組)-momo購物網 - 好評推薦 - 2023年10月,https://www.momoshop.com.tw/goods/GoodsDetail.jsp?i_code=11937619&Area=search&mdiv=403&oid=1_26&cid=index&kw=iphone15,0,66
,1,2,6,,好自在雙11限定超殺組 買6送6 液體衛生棉12入(24cm/27cm/34cm 100片+清新浄味款24cm/27cm/31.7cm 18片)  -momo購物網 - 好評推薦 - 2023年10月,https://www.momoshop.com.tw/goods/GoodsDetail.jsp?i_code=11659509&Area=search&mdiv=403&oid=1_1&cid=index&kw=%E8%A1%9B%E7%94%9F%E6%A3%89,2,43
,1,2,6,,好自在-嘗鮮推薦 液體衛生棉6入組(24cm/27cm/34cm x 50片+幻彩液體衛生棉 24cm/27cm/31.7cm x 9片) -momo購物網 - 好評推薦 - 2023年10月,https://www.momoshop.com.tw/goods/GoodsDetail.jsp?i_code=10576024&cid=recitri&oid=BfG&mdiv=goodsDetail_momoshop-av-&ctype=B&recomd_id=rgc-8r3h_normal_1699309689_47074819,2,22
,1,2,3,,Laurier 蕾妮亞 零觸感特薄衛生棉 夜用型衛生棉 超值量販3包/組(30cm/35cm/40cm) -momo購物網 - 好評推薦 - 2023年10月,https://www.momoshop.com.tw/goods/GoodsDetail.jsp?i_code=7497702&recomd_id=hotSale&cid=recitri&oid=BfG&mdiv=&ctype=B,2,15
,1,4,6,,Laurier 蕾妮亞 極吸好眠 大流量超特長護邊夜用衛生棉(40cmX8片/包) -momo購物網 - 好評推薦 - 2023年10月,https://www.momoshop.com.tw/goods/GoodsDetail.jsp?i_code=6038483&cid=recitri&oid=BfG&mdiv=goodsDetail_momoshop-av-&ctype=B&recomd_id=rgc-f54w_normal_1699309742_12976417,2,65
,0,2,3,,【Apple】C級福利品 iPhone 6S 16G-momo購物網 - 好評推薦 - 2023年10月,https://www.momoshop.com.tw/goods/GoodsDetail.jsp?i_code=10647578&str_category_code=1905200011&sourcePageType=4,0,74
,0,2,6,,【Apple】A級福利品 iPhone SE3 256G 4.7吋(贈送手機保護套+鋼化保護貼+原廠充電器)-momo購物網 - 好評推薦 - 2023年10月,https://www.momoshop.com.tw/goods/GoodsDetail.jsp?i_code=11106182&cid=recitri&oid=BfD&mdiv=category_momoshop-cap_p0-&ctype=B&recomd_id=rgc-m9pg_normal_1697547111_7312385,0,35
,0,3,0,,【Apple】A級福利品 iPhone 12 128G 6.1吋(贈充電組+玻璃貼+保護殼+更換電池優惠券)-momo購物網 - 好評推薦 - 2023年10月,https://www.momoshop.com.tw/goods/GoodsDetail.jsp?i_code=11812815&cid=cheap&oid=1&mdiv=1000000000-bt_0_238_01-bt_0_238_01_e6&ctype=B,0,23
,1,6,6,,【Apple】A級福利品 iPhone SE2 128G 4.7吋(贈送手機保護套+鋼化保護貼+原廠充電器)-momo購物網 - 好評推薦 - 2023年10月,https://www.momoshop.com.tw/goods/GoodsDetail.jsp?i_code=9560473&cid=recitri&oid=BfG&mdiv=goodsDetail_momoshop-av-&ctype=B&recomd_id=rgc-m9pg_normal_1697547126_7312833,0,10
,0,3,3,,【Global Fresh-盛花園】鬆綿清甜日本種栗子南瓜(800g/粒 3粒/箱)-momo購物網 - 好評推薦 - 2023年10月,https://www.momoshop.com.tw/goods/GoodsDetail.jsp?i_code=8957883&Area=search&mdiv=403&oid=1_1&cid=index&kw=%E5%8D%97%E7%93%9C,3,54
,0,2,3,,【MSI 微星】15.6吋R7輕薄筆電(Modern 15/R7-7730U/8G/512G SSD/W11/057TW)-momo購物網 - 好評推薦 - 2023年10月,https://www.momoshop.com.tw/goods/GoodsDetail.jsp?i_code=11300652&mdiv=1099900000-bt_0_253_01-bt_0_253_01_P1_7_e1&ctype=B,0,33
,0,2,6,,【Apple】B級福利品 iPhone 7 Plus 128G 5.5吋(贈充電組+玻璃貼+保護殼)-momo購物網 - 好評推薦 - 2023年10月,https://www.momoshop.com.tw/goods/GoodsDetail.jsp?i_code=11854135&Area=search&mdiv=403&oid=1_3&cid=index&kw=iphone%207%20plus,0,22
,0,4,3,,【漢堡王】買一送一★花生培根脆雞堡-momo購物網 - 好評推薦 - 2023年10月,https://www.momoshop.com.tw/goods/GoodsDetail.jsp?i_code=9423907&oid=mb&mdiv=1000000000-bt_0_273_01-bt_0_273_01_e50&ctype=B&rec_pos=1pp_s3&recomd_id=rgc-tk7m_normal_1697548834_29908069,10,76
,0,2,6,,【Apple】A級福利品 iPad Air 第5代(10.9吋/WiFi/64GB)-momo購物網 - 好評推薦 - 2023年10月,https://www.momoshop.com.tw/goods/GoodsDetail.jsp?i_code=10860689&Area=search&mdiv=403&oid=1_24&cid=index&kw=ipad%20air%205,0,44
,0,2,3,,【Nintendo 任天堂】Switch Lite 輕量版日規主機+保護貼(保固一年)-momo購物網 - 好評推薦 - 2023年10月,https://www.momoshop.com.tw/goods/GoodsDetail.jsp?i_code=11822346&Area=search&mdiv=403&oid=1_15&cid=index&kw=switch,1,31
,0,2,6,,【LG 樂金】27型StanbyME閨蜜機(27ART10AKPL)-momo購物網 - 好評推薦 - 2023年10月,https://www.momoshop.com.tw/goods/GoodsDetail.jsp?i_code=11380340&Area=search&mdiv=403&oid=1_25&cid=index&kw=%E9%9B%BB%E8%A6%96,1,31
,0,2,6,,【饗食天堂】平日下午茶券4張P(TOP人氣吃到飽餐廳)-momo購物網 - 好評推薦 - 2023年10月,https://www.momoshop.com.tw/goods/GoodsDetail.jsp?i_code=11752332,10,34
,0,2,0,,【老子有錢】扶桑柏青包-momo購物網 - 好評推薦 - 2023年10月,https://www.momoshop.com.tw/goods/GoodsDetail.jsp?i_code=9781826&str_category_code=5300100033&mdiv=5300100000-bt_2_092_05-bt_2_092_05_e40&ctype=B&sourcePageType=4,7,33
,0,2,6,,【Electrolux 伊萊克斯】抬頭式攪拌機-五星主廚機(EKM3407R)-momo購物網,https://www.momoshop.com.tw/goods/GoodsDetail.jsp?i_code=8740650&mdiv=1099900000-bt_0_248_01-bt_0_248_01_P1_4_e1&ctype=B,1,45
,0,2,6,,【Fisher-Price 費雪】聲光安撫海馬(2色選擇)-momo購物網,https://www.momoshop.com.tw/goods/GoodsDetail.jsp?i_code=6761095&oid=mb&mdiv=1000000000-bt_0_220_01-bt_0_220_01_e50&ctype=B&rec_pos=1pp_s3&recomd_id=rgc-0w93_normal_1697548474_7320521,6,32
,0,2,6,,【Sony 索尼】Alpha ILCE-7M4/A7M4 A7IV(公司貨)-momo購物網,https://www.momoshop.com.tw/goods/GoodsDetail.jsp?i_code=9606325&str_category_code=4200100235&mdiv=1001000000-bt_1_002_01-bt_1_002_01_e11&ctype=B,0,31
,0,2,3,,【Razer 雷蛇】伊布電競夢幻組 寶可夢聯名款 黑寡婦 V3 TKL電競鍵盤+巨甲蟲電競滑鼠墊XXL-momo購物網 - 好評推薦 - 2023年10月,https://www.momoshop.com.tw/goods/GoodsDetail.jsp?i_code=11447954&str_category_code=2159000069&mdiv=2159000000-bt_1_016_02-bt_1_016_02_e31&ctype=B&sourcePageType=4,0,30
,0,1,3,,【麥當勞】勁辣鷄腿堡+中杯可口可樂+小份薯條+四塊麥克鷄塊(好禮即享券)-momo購物網 - 好評推薦 - 2023年10月,https://www.momoshop.com.tw/goods/GoodsDetail.jsp?i_code=11878153&str_category_code=3801800143&mdiv=3801800143-bt_9_002_01&ctype=B&Area=DgrpCategory,10,28
,0,2,6,,【Final】E1000C 線控麥克風耳道式耳機 三色可選-momo購物網 - 好評推薦 - 2023年10月,https://www.momoshop.com.tw/goods/GoodsDetail.jsp?i_code=7248193&str_category_code=4201700376&sourcePageType=4,0,35
,0,2,6,,【Final】E3000 耳道式耳機-momo購物網 - 好評推薦 - 2023年10月,https://www.momoshop.com.tw/goods/GoodsDetail.jsp?i_code=5231900&str_category_code=4201700376&mdiv=4201700376-bt_9_002_01&ctype=B&Area=DgrpCategory,0,46
,0,2,3,,【SAKURA 櫻花】16L第二代四季溫智能恆溫強制排氣熱水器(DH-1635F原廠安裝)-momo購物網 - 好評推薦 - 2023年10月,https://www.momoshop.com.tw/goods/GoodsDetail.jsp?i_code=10032795&str_category_code=2906200009&mdiv=2906200000-bt_2_216_01-bt_2_216_01_e13&ctype=B&sourcePageType=4,1,44
,0,2,3,,【ASUS 華碩】14吋i7商用筆電(B1408/i7-1165G7/8G/512G SSD/Win10Pro/2年保/台灣製)-momo購物網,https://www.momoshop.com.tw/goods/GoodsDetail.jsp?i_code=11894334&cid=cheap&oid=1&mdiv=1000000000-bt_0_238_01-bt_0_238_01_e10&ctype=B,0,23
,0,2,6,,【SAMSUNG 三星】258L一級能效變頻右開雙門冰箱(RT25M4015S8/TW)-momo購物網 - 好評推薦 - 2023年10月,https://www.momoshop.com.tw/goods/GoodsDetail.jsp?i_code=6736978&str_category_code=2919100975&mdiv=2919100975-bt_9_002_01&ctype=B&Area=DgrpCategory,1,15
,0,2,6,,【SANLUX 台灣三洋】87公升一級能效雙門冰箱(SR-C90B1)-momo購物網 - 好評推薦 - 2023年10月,https://www.momoshop.com.tw/goods/GoodsDetail.jsp?i_code=9216206&str_category_code=2919100975&mdiv=2919100975-bt_9_002_01&ctype=B&Area=DgrpCategory,1,56
,0,2,6,,【ASUS 華碩】14.5吋i5輕薄筆電(VivoBook S S5404VA/i5-13500H/16G/512G SSD/W11/EVO/ 2.8K OLED)-momo購物網,https://www.momoshop.com.tw/goods/GoodsDetail.jsp?i_code=11208400&str_category_code=2104300440&sourcePageType=4,0,45
,0,2,6,,【u-ta】VS9 四路式NVR主機套裝組 1080P 200萬畫素無線攝影機(最高支援4TB硬碟)-momo購物網 - 好評推薦 - 2023年10月,https://www.momoshop.com.tw/goods/GoodsDetail.jsp?i_code=7822838&str_category_code=4202200028&sourcePageType=4,0,34
,0,2,6,,【鮮綠生活】大尺寸 鮮美蟹腳肉(150g±4.5%/包 共3包)-momo購物網 - 好評推薦 - 2023年10月,https://www.momoshop.com.tw/goods/GoodsDetail.jsp?i_code=10451480&str_category_code=4400401290&ctype=B&Area=DgrpCategory&sourcePageType=4,3,22
,0,2,6,,【TECO 東元】334公升 一級能效變頻右開雙門冰箱(R3342XN)-momo購物網 - 好評推薦 - 2023年10月,https://www.momoshop.com.tw/goods/GoodsDetail.jsp?i_code=10914644&mdiv=2919100000-bt_2_216_01-bt_2_216_01_e27&ctype=B&sourcePageType=4,1,33
,0,3,6,,麥當勞 麥脆鷄腿2塊+麥克鷄塊6塊+中杯可樂(好禮即享券)-momo購物網 - 好評推薦 - 2023年10月,https://www.momoshop.com.tw/goods/GoodsDetail.jsp?i_code=11948780&str_category_code=3801800182&ctype=B&Area=DgrpCategory&sourcePageType=4,10,33
,0,2,6,,【G-PLUS 拓勤】F1+ 三防資安4G直立式手機(送快速充電線)-momo購物網 - 好評推薦 - 2023年10月,https://www.momoshop.com.tw/goods/GoodsDetail.jsp?i_code=9564300&mdiv=NEW,0,20
,0,3,3,,6星集足體養身會館 腳底按摩+泡腳+肩頸熱敷40分鐘(2張組↘)-momo購物網 - 好評推薦 - 2023年10月,https://www.momoshop.com.tw/goods/GoodsDetail.jsp?i_code=11166024&str_category_code=3802100018&ctype=B&Area=DgrpCategory&sourcePageType=4,10,28
,1,2,6,,BRITA Maxtra Plus濾芯-去水垢專家9入-贈藍色隨身瓶-momo購物網 - 好評推薦 - 2023年10月,https://www.momoshop.com.tw/goods/GoodsDetail.jsp?i_code=11965407&str_category_code=1705300188&mdiv=1705300000-bt_2_092_06-bt_2_092_06_e16&ctype=B&sourcePageType=4,9,32
,0,2,6,,【SANLUX 台灣三洋】87公升一級能效雙門冰箱(SR-C90B1)-momo購物網 - 好評推薦 - 2023年10月,https://www.momoshop.com.tw/goods/GoodsDetail.jsp?i_code=9216206&mdiv=NEW,1,41
,0,2,6,,【統一麵】肉燥風味特大85gx5入/袋-momo購物網 - 好評推薦 - 2023年10月,https://www.momoshop.com.tw/goods/GoodsDetail.jsp?i_code=3831982&cid=recitri&oid=BfG&mdiv=goodsDetail_momoshop-av-&ctype=B&recomd_id=default-globaltp,3,44
,0,2,6,,【TECO 東元】334公升 一級能效變頻右開雙門冰箱(R3342XN)-momo購物網 - 好評推薦 - 2023年10月,https://www.momoshop.com.tw/goods/GoodsDetail.jsp?i_code=10914644&mdiv=2919100000-bt_2_216_01-bt_2_216_01_e27&ctype=B&sourcePageType=4,1,53
,0,2,6,,【買1送1】馬來西亞D197正宗貓山王榴槤400克(熱帶雙果王)-momo購物網 - 好評推薦 - 2023年10月,https://www.momoshop.com.tw/goods/GoodsDetail.jsp?i_code=11792023&Area=search&mdiv=403&oid=1_10&cid=index&kw=%E6%A6%B4%E6%A7%A4,3,20
,0,2,6,,BRITA MAXTRA Plus 濾芯-去水垢專家(6入裝)-momo購物網 - 好評推薦 - 2023年10月,https://www.momoshop.com.tw/goods/GoodsDetail.jsp?i_code=10921022&cid=recitri&oid=BfG&mdiv=goodsDetail_momoshop-av-&ctype=B&recomd_id=rgc-0ctr_normal_1699312456_13050675,9,32
,0,2,6,,【NOKIA】2660 Flip 4G折疊式手機(128MB/48MB)-momo購物網 - 好評推薦 - 2023年10月,https://www.momoshop.com.tw/goods/GoodsDetail.jsp?i_code=10568482&oid=mb&mdiv=1000000000-bt_0_222_01-bt_0_222_01_e62&ctype=B&&rec_pos=1pp_s3&recomd_id=rgc-6gf5_normal_1697550613_7393064,0,43
,0,2,6,,【TP-Link】Tapo C225 真2K 400萬畫素AI旋轉無線網路攝影機/監視器 IP CAM(全彩夜視/哭聲偵測/支援512G)-momo購物網 - 好評推薦 - 2023年10月,https://www.momoshop.com.tw/goods/GoodsDetail.jsp?i_code=10844264&mdiv=4202200000-bt_2_115_02-bt_2_115_02_e1&ctype=B&sourcePageType=4,0,33
,0,2,6,,噴效 水性噴霧殺蟲劑600ml*24入/箱(噴效水性)-momo購物網 - 好評推薦 - 2023年10月,https://www.momoshop.com.tw/goods/GoodsDetail.jsp?i_code=8067079&str_category_code=3900700120&mdiv=3900700000-bt_2_092_08-bt_2_092_08_e155&ctype=B&sourcePageType=4,9,44
,0,2,3,,【華碩平台】i7十六核GeForce RTX 4060TI{蒼龍軍神}電競機(i7-13700F/B660/16G/1TB)-momo購物網 - 好評推薦 - 2023年10月,https://www.momoshop.com.tw/goods/GoodsDetail.jsp?i_code=11756856&str_category_code=4301700334&mdiv=4301700000-bt_2_092_01-bt_2_092_01_e6&ctype=B&sourcePageType=4,0,44
,1,2,6,,Milwaukee 美沃奇 18V鋰電無碳刷衝擊起子機5.0Ah 單電套裝組 M18 FID3-501-momo購物網 - 好評推薦 - 2023年10月,https://www.momoshop.com.tw/goods/GoodsDetail.jsp?i_code=11484459&str_category_code=5200500178&mdiv=5200500000-bt_2_097_02-bt_2_097_02_e18&ctype=B&sourcePageType=4,9,321
,0,2,6,,【鮮綠生活】爆卵熟凍母紅蟳(150±10%/隻 2隻/包 共4包)-momo購物網 - 好評推薦 - 2023年10月,https://www.momoshop.com.tw/goods/GoodsDetail.jsp?i_code=8415969&str_category_code=4400400172,3,54
,0,2,0,,【元家】格陵蘭嚴選冷凍厚切大比目魚9入組(300g/片 頭刀單肚洞)-momo購物網 - 好評推薦 - 2023年10月,https://www.momoshop.com.tw/goods/GoodsDetail.jsp?i_code=8105502&mdiv=NEW,3,24
,0,3,6,,DRETEC 紅外線電子手持式槍型料理測溫度計-白色(O-604WT)-momo購物網 - 好評推薦 - 2023年10月,https://www.momoshop.com.tw/goods/GoodsDetail.jsp?i_code=10106056&str_category_code=1704200116&mdiv=1704200000-bt_2_106_01-bt_2_106_01_e15&ctype=B&sourcePageType=4,9,54
,0,2,6,,【每日優果】愛文芒果乾200G(芒果乾)-momo購物網 - 好評推薦 - 2023年10月,https://www.momoshop.com.tw/goods/GoodsDetail.jsp?i_code=6572904&Area=search&mdiv=403&oid=1_9&cid=index&kw=%E8%8A%92%E6%9E%9C,4,25
,0,2,6,,【光合果物】產地直送 苗栗大湖香水草莓 大果(12-15顆/2盒)-momo購物網 - 好評推薦 - 2023年10月,https://www.momoshop.com.tw/goods/GoodsDetail.jsp?i_code=10523153&Area=search&mdiv=403&oid=1_9&cid=index&kw=%E8%8D%89%E8%8E%93,3,43
,0,3,6,,【每日宅鮮】任選$699免運 台灣袋裝香蕉(600g±5%x1袋)-momo購物網 - 好評推薦 - 2023年10月,https://www.momoshop.com.tw/goods/GoodsDetail.jsp?i_code=8776919&Area=search&mdiv=403&oid=1_1&cid=index&kw=%E9%A6%99%E8%95%89,3,23
,0,2,0,,【每日優果】紅心芭樂乾185G(芭樂乾)-momo購物網 - 好評推薦 - 2023年10月,https://www.momoshop.com.tw/goods/GoodsDetail.jsp?i_code=6572911&Area=search&mdiv=403&oid=1_6&cid=index&kw=%E8%8A%AD%E6%A8%82,3,34
,0,2,6,,【韓版ins】韓風大容量百搭托特包(時尚 皮包 手提包 女用包包 肩背包 小方包 側背包 精品包)-momo購物網 - 好評推薦 - 2023年10月,https://www.momoshop.com.tw/goods/GoodsDetail.jsp?i_code=11191732&Area=search&mdiv=403&oid=1_4&cid=index&kw=%E7%9A%AE%E5%8C%85,5,54
,0,2,3,,【朵舒】momoco舒適柔韌抽取式衛生紙(150抽x10包x8袋/箱)-momo購物網 - 好評推薦 - 2023年10月,https://www.momoshop.com.tw/goods/GoodsDetail.jsp?i_code=8531746&Area=search&mdiv=403&oid=1_2&cid=index&kw=%E8%A1%9B%E7%94%9F%E7%B4%99,9,34
,0,2,6,,【橘子工坊】天然制菌洗淨過敏原洗衣膠囊/洗衣球盒裝54顆(加贈好禮多選1)-momo購物網 - 好評推薦 - 2023年10月,https://www.momoshop.com.tw/goods/GoodsDetail.jsp?i_code=11357600&Area=search&mdiv=403&oid=1_5&cid=index&kw=%E6%A9%98%E5%AD%90,9,28
,0,2,6,,Jo Go Wu 吸盤式防窺伸縮遮陽簾(防曬/隔熱/遮光/隔熱窗簾/浴室防窺)-momo購物網 - 好評推薦 - 2023年10月,https://www.momoshop.com.tw/goods/GoodsDetail.jsp?i_code=10610753&str_category_code=4801200081&mdiv=4801200000-bt_2_092_02-bt_2_092_02_e28&ctype=B&sourcePageType=4,8,36
,1,2,6,,EDISH 304加厚玻璃四方鷹嘴泡茶壺550ml 含不鏽鋼濾網 耐熱可直火-momo購物網 - 好評推薦 - 2023年10月,https://www.momoshop.com.tw/goods/GoodsDetail.jsp?i_code=9982591&str_category_code=1704300470&mdiv=1704300000-bt_2_092_02-bt_2_092_02_e21&ctype=B&sourcePageType=4,9,45
,0,2,6,,【樂米穀場】台東關山好米9kg(台東關山農會認證好米)-momo購物網 - 好評推薦 - 2023年10月,https://www.momoshop.com.tw/goods/GoodsDetail.jsp?i_code=5657347&str_category_code=2000600850&sourcePageType=4,3,34
,1,3,6,,CNFlower 西恩 柚香森林 水果花禮-柚子款 特製木盒(送禮/鮮花/中秋送禮/精品水果禮盒)-momo購物網 - 好評推薦 - 2023年10月,https://www.momoshop.com.tw/goods/GoodsDetail.jsp?i_code=11843393&str_category_code=5200900188&mdiv=5200900188-bt_9_002_01&ctype=B&Area=DgrpCategory&sourcePageType=4,9,32
,0,2,3,,同事都不知道，我早就財務自由了！-momo購物網 - 好評推薦 - 2023年10月,https://www.momoshop.com.tw/goods/GoodsDetail.jsp?i_code=10891173&Area=search&mdiv=403&oid=1_4&cid=index&kw=%E4%B8%8D%E7%9F%A5%E9%81%93,7,56
,1,3,6,,MoonDy 女生包包 小包包 真皮側背包 牛皮小包包 斜背手機包 側背小包 隨身小包 斜背包牛皮 可愛包包-momo購物網 - 好評推薦 - 2023年10月,https://www.momoshop.com.tw/goods/GoodsDetail.jsp?i_code=11454906&str_category_code=1503200005&mdiv=1503200000-bt_2_092_03-bt_2_092_03_e16&ctype=B&sourcePageType=4,5,34
,1,2,6,,MoonDy 包包女 包包女 斜背包 斜背包女 小包包 小包 女小方包 復古小方包 迷你小方包 可愛小包   -momo購物網 - 好評推薦 - 2023年10月,https://www.momoshop.com.tw/goods/GoodsDetail.jsp?i_code=11207663&cid=recitri&oid=BfG&mdiv=goodsDetail_momoshop-av-&ctype=B&recomd_id=rgc-bqbp_normal_1699308550_12954874,5,32
,0,2,6,,Jyun Pin 駿品裝修 系統櫃系統家具 美式廚具設計諮詢卷(美式廚具專業設計諮詢)-momo購物網 - 好評推薦 - 2023年10月,https://www.momoshop.com.tw/goods/GoodsDetail.jsp?i_code=9866649&str_category_code=5200800307&mdiv=5200800307-bt_9_002_01&ctype=B&Area=DgrpCategory&sourcePageType=4,9,33
,0,2,3,,【NIID官方直營】Radiant R1 極速行動單肩包-5色可選-momo購物網 - 好評推薦 - 2023年10月,https://www.momoshop.com.tw/goods/GoodsDetail.jsp?i_code=8429934&str_category_code=1503300002&mdiv=1503300002-bt_9_002_01&ctype=B&Area=DgrpCategory,5,23
,1,2,6,,Orijen 六種鮮魚貓無榖配方 5.4kg(*全齡貓 貓飼料 乾糧)-momo購物網 - 好評推薦 - 2023年10月,https://www.momoshop.com.tw/goods/GoodsDetail.jsp?i_code=10574342&str_category_code=4700300518&mdiv=4700300000-bt_2_092_04-bt_2_092_04_e12&ctype=B&sourcePageType=4,9,43
,1,2,3,,EDISH 304加厚玻璃四方鷹嘴泡茶壺550ml 含不鏽鋼濾網 耐熱可直火-momo購物網 - 好評推薦 - 2023年10月,https://www.momoshop.com.tw/goods/GoodsDetail.jsp?i_code=9982591&mdiv=411412,9,33
,0,2,3,,【TAKARA TOMY】日本 新幹線變形機器人Z 暗黑號(TP17022)-momo購物網 - 好評推薦 - 2023年10月,https://www.momoshop.com.tw/goods/GoodsDetail.jsp?i_code=9429398&Area=search&mdiv=403&oid=1_3&cid=index&kw=%E6%96%B0%E5%B9%B9%E7%B7%9A%E8%AE%8A%E5%BD%A2%E6%A9%9F%E5%99%A8%E4%BA%BA,6,30
,0,2,3,,【MG】逆時無痕掰掰眼袋霜(30ml /瓶)-momo購物網 - 好評推薦 - 2023年10月,https://www.momoshop.com.tw/goods/GoodsDetail.jsp?i_code=11386482&Area=search&mdiv=403&oid=1_1&cid=index&kw=%E6%8E%B0%E6%8E%B0,2,32
,0,2,3,,【哈哈】環保書衣-momo購物網 - 好評推薦 - 2023年10月,https://www.momoshop.com.tw/goods/GoodsDetail.jsp?i_code=11312458&Area=search&mdiv=403&oid=1_1&cid=index&kw=%E5%93%88%E5%93%88%E5%93%88,7,24
,1,2,6,,LONGCHAMP Michael Kors&COACH水餃包/漁網包/斜背包/圍巾(多款選)   -momo購物網 - 好評推薦 - 2023年10月,https://www.momoshop.com.tw/goods/GoodsDetail.jsp?i_code=11931330&recomd_id=hotSale&cid=recitri&oid=BfG&mdiv=&ctype=B,5,27
,1,3,3,, LONGCHAMP &MARC JACOBS經典兩用包/水餃包/托特包(多款選) -momo購物網 - 好評推薦 - 2023年10月,https://www.momoshop.com.tw/goods/GoodsDetail.jsp?i_code=11589668&cid=recitri&oid=BfG&mdiv=goodsDetail_momoshop-av-&ctype=B&recomd_id=rgc-vdv7_normal_1699308970_47114958,5,28
,1,2,6,,Chloe’ 蔻依 Sense經典 LOGO 小牛皮拼接亞麻化妝包(米X棕)  -momo購物網 - 好評推薦 - 2023年10月,https://www.momoshop.com.tw/goods/GoodsDetail.jsp?i_code=11280797&str_category_code=3100101578&ctype=B&Area=DgrpCategory&sourcePageType=4,5,30
,1,2,6,,Avene 雅漾官方直營 雙11限定★活泉水噴霧300mlx5入組(保濕化妝水/舒緩敏弱)   -momo購物網 - 好評推薦 - 2023年10月,https://www.momoshop.com.tw/goods/GoodsDetail.jsp?i_code=9258336&str_category_code=1111700001&ctype=B&Area=DgrpCategory&sourcePageType=4,5,31
,1,3,6,,理膚寶水 多容安舒緩保濕化妝水400ml 年度限定組(68折/修護保濕)  -momo購物網 - 好評推薦 - 2023年10月,https://www.momoshop.com.tw/goods/GoodsDetail.jsp?i_code=8263161&recomd_id=hotSale&cid=recitri&oid=BfG&mdiv=&ctype=B,2,31
,1,2,6,,Neogence 霓淨思 N3高機能面膜共90片(神經醯胺/ 冰河醣/熊果素/深海藍藻/杏仁酸任選)  -momo購物網 - 好評推薦 - 2023年10月,https://www.momoshop.com.tw/goods/GoodsDetail.jsp?i_code=8214446&str_category_code=1111700010&ctype=B&Area=DgrpCategory&sourcePageType=4,2,34
,1,2,0,,TT波特嫚 經典重現美肌魔力組(40片/箱)  -momo購物網 - 好評推薦 - 2023年10月,https://www.momoshop.com.tw/goods/GoodsDetail.jsp?i_code=6972655&recomd_id=hotSale&cid=recitri&oid=BfG&mdiv=&ctype=B,2,33
,1,2,6,,adidas 官方旗艦 雙11限定 精選運動背心&運動內衣 男女款(共14款) -momo購物網 - 好評推薦 - 2023年10月,https://www.momoshop.com.tw/goods/GoodsDetail.jsp?i_code=11906263&str_category_code=1306501545&mdiv=1306501545-bt_9_002_01&ctype=B&Area=DgrpCategory&sourcePageType=4,4,35
,1,2,6,,Sustenium 意維能 全能鎖錠1瓶送小瓶(共75錠) -momo購物網 - 好評推薦 - 2023年10月,https://www.momoshop.com.tw/goods/GoodsDetail.jsp?i_code=10757424&str_category_code=1203000400&sourcePageType=4,3,34
,1,2,3,,BYHUE 優雅大人感純色方釦後繫帶羊皮軟芯尖頭高跟鞋(棕) -momo購物網 - 好評推薦 - 2023年10月,https://www.momoshop.com.tw/goods/GoodsDetail.jsp?i_code=12005878&str_category_code=1503400001&mdiv=1503400000-bt_2_092_03-bt_2_092_03_e148&ctype=B&sourcePageType=4,5,40
,1,2,6,,蘇菲-買8送8 彈力貼身超薄體貼日/夜用潔翼衛生棉(23cm14片x16包/28cm12片x16包)-momo購物網 - 好評推薦 - 2023年10月,https://www.momoshop.com.tw/goods/GoodsDetail.jsp?i_code=8666029&recomd_id=hotSale&cid=recitri&oid=BfG&mdiv=&ctype=B,2,45
,0,2,3,,ANOMEO 狗骨形 車用頭枕 高密度記憶棉(汽車頭枕/車用靠枕/汽車頭枕-momo購物網 - 好評推薦 - 2023年10月,https://www.momoshop.com.tw/goods/GoodsDetail.jsp?i_code=9122116&recomd_id=hotSale&cid=recitri&oid=BfG&mdiv=&ctype=B,10,34
,1,4,3,,Louis Vuitton 路易威登 M60171 經典Clemence系列Monogram Empreinte皮革壓紋拉鍊長夾/錢包(黑色) -momo購物網 - 好評推薦 - 2023年10月,https://www.momoshop.com.tw/goods/GoodsDetail.jsp?i_code=11002258&str_category_code=3100101584&ctype=B&Area=DgrpCategory&sourcePageType=4,5,33
,0,2,6,,台中日光溫泉會館 雙11強檔限定!僅此一檔!花見西餐廳平日午餐茶吃到飽(假日+100/人)-momo購物網 - 好評推薦 - 2023年10月,https://www.momoshop.com.tw/goods/GoodsDetail.jsp?i_code=11629921&str_category_code=3801800017&ctype=B&Area=DgrpCategory&sourcePageType=4,10,23
,1,2,6,,AVEDA 果潤護脣膏 3.4g -momo購物網 - 好評推薦 - 2023年10月,https://www.momoshop.com.tw/goods/GoodsDetail.jsp?i_code=9215555&str_category_code=1111700007&sourcePageType=4,2,33
,0,2,6,,星巴克 11/6限搶!大杯那堤(冰熱任選)-momo購物網 - 好評推薦 - 2023年10月,https://www.momoshop.com.tw/goods/GoodsDetail.jsp?i_code=12012793&str_category_code=3801800217&ctype=B&Area=DgrpCategory&sourcePageType=4,10,41
,0,2,3,,【PAPERIDEAS】A5子彈筆記本 365DAY自填日計劃 綁帶基礎款-momo購物網 - 好評推薦 - 2023年10月,https://www.momoshop.com.tw/goods/GoodsDetail.jsp?i_code=9654844&Area=search&mdiv=403&oid=1_3&cid=index&kw=%E7%AD%86%E8%A8%98%E6%9C%AC,7,38
,1,3,6,,COCO都可 大杯日式焙茶好禮即享券(2杯1組)-momo購物網 - 好評推薦 - 2023年10月,https://www.momoshop.com.tw/goods/GoodsDetail.jsp?i_code=12022032&recomd_id=hotSale&cid=recitri&oid=BfG&mdiv=&ctype=B,10,39
,1,2,6,,Ann’S 此生最好穿-頂級小羊皮備受呵護跟鞋(黑)  -momo購物網 - 好評推薦 - 2023年10月,https://www.momoshop.com.tw/goods/GoodsDetail.jsp?i_code=6642064&recomd_id=hotSale&cid=recitri&oid=BfG&mdiv=&ctype=B,5,33
,1,4,6,,FAIR LADY 芯太軟 腰帶裝飾瑪莉珍鞋(米、602370)   -momo購物網 - 好評推薦 - 2023年10月,https://www.momoshop.com.tw/goods/GoodsDetail.jsp?i_code=8593883&recomd_id=hotSale&cid=recitri&oid=BfG&mdiv=&ctype=B,5,29
,1,3,6,,Avene 雅漾官方直營 雙11限定★Hydra10極簡保濕乳/霜組(前安敏升級)  -momo購物網 - 好評推薦 - 2023年10月,https://www.momoshop.com.tw/goods/GoodsDetail.jsp?i_code=11864162&str_category_code=1118601318&mdiv=1118600000-bt_2_093_01-bt_2_093_01_e21&ctype=B&sourcePageType=4,2,30
,1,2,6,,Ladies 蕾黛絲 花兒朵朵羽量真水 B-C罩杯內衣(奶油黃)  -momo購物網 - 好評推薦 - 2023年10月,https://www.momoshop.com.tw/goods/GoodsDetail.jsp?i_code=10099090&str_category_code=2101800303&mdiv=2101800000-bt_1_016_01-bt_1_016_01_e31&ctype=B&sourcePageType=4,4,41
,1,2,6,, 玉如阿姨 輕舒呼吸內衣※0624膚(無鋼圈 舒適 低脊心 機能 托高 大罩杯 台灣製 B.C.D罩) -momo購物網 - 好評推薦 - 2023年10月,https://www.momoshop.com.tw/goods/GoodsDetail.jsp?i_code=8148627&recomd_id=hotSale&cid=recitri&oid=BfG&mdiv=&ctype=B,4,55
,1,3,6,,Sofy 蘇菲 瞬吸加長超薄護墊18包/組(17.5cm/15.5cm/無香/花香/有翅/抑菌)  -momo購物網 - 好評推薦 - 2023年10月,https://www.momoshop.com.tw/goods/GoodsDetail.jsp?i_code=7976333&str_category_code=4500100033&ctype=B&Area=DgrpCategory&sourcePageType=4,2,60
,1,2,3,,FAIR LADY 七日色階7Days．時髦尖頭小貓跟鞋(7色、602609)-momo購物網 - 好評推薦 - 2023年10月,https://www.momoshop.com.tw/category/LgrpCategory.jsp?l_code=1503400000&mdiv=1099600000-bt_0_996_15-&ctype=B&sourcePageType=4,5,67
,0,3,6,,Glolux 北美品牌 16W 高亮度LED燈泡 E27-8入組(白光/黃光)-momo購物網 - 好評推薦 - 2023年10月,https://www.momoshop.com.tw/goods/GoodsDetail.jsp?i_code=10596456&str_category_code=5200400152&mdiv=5200400000-bt_2_106_01-bt_2_106_01_e8&ctype=B&sourcePageType=4,9,24
,0,2,3,,ISHUR伊舒爾 台灣製造 3M防潑水記憶折疊床墊 5公分 學生宿舍單人3尺(透氣抑菌/附專用收納袋/可摺疊)-momo購物網 - 好評推薦 - 2023年10月,https://www.momoshop.com.tw/goods/GoodsDetail.jsp?i_code=6941241&cid=recitri&oid=BfL&mdiv=category_momoshop-cap_p2-&ctype=B&recomd_id=rgc-bqbp_normal_1699312913_13090504,8,56
,1,3,6,,FAIR LADY 芯太軟 腰帶裝飾瑪莉珍鞋(米、602370)-momo購物網 - 好評推薦 - 2023年10月,https://www.momoshop.com.tw/goods/GoodsDetail.jsp?i_code=8593883&recomd_id=hotSale&cid=recitri&oid=BfG&mdiv=&ctype=B,5,32
,1,2,3,,Robinlo 雙11限定 真皮優雅微甜瑪莉珍舒適小中大尺碼OL通勤鞋平底鞋跟鞋(多款任選)-momo購物網 - 好評推薦 - 2023年10月,https://www.momoshop.com.tw/goods/GoodsDetail.jsp?i_code=11515110&recomd_id=hotSale&cid=recitri&oid=BfG&mdiv=&ctype=B,5,11
,1,2,6,,Lovely 蘿芙妮 5件組特柔抑菌石墨烯無痕透氣蕾絲/素面內褲(顏色隨機)-momo購物網 - 好評推薦 - 2023年10月,https://www.momoshop.com.tw/goods/GoodsDetail.jsp?i_code=7503252&str_category_code=1403100496&mdiv=1403100496-bt_9_002_01&ctype=B&Area=DgrpCategory&sourcePageType=4,4,45
,1,3,3,,月亮褲 經典款夜用晚安無痕女內褲靜謐黑中腰月經褲(超越生理褲 / 終結外漏惡夢)-momo購物網 - 好評推薦 - 2023年10月,https://www.momoshop.com.tw/goods/GoodsDetail.jsp?i_code=8851229&recomd_id=hotSale&cid=recitri&oid=BfG&mdiv=&ctype=B,4,43
,1,2,6,,Sofy 蘇菲 天然系列衛生棉23cm/26cm/29cm(6+6入/組)-momo購物網 - 好評推薦 - 2023年10月,https://www.momoshop.com.tw/goods/GoodsDetail.jsp?i_code=11130122&Area=search&mdiv=403&oid=1_4&cid=index&kw=%E8%A1%9B%E7%94%9F%E6%A3%89,2,65
,1,2,6,,Sofy 蘇菲 超熟睡夜用(42CM/10片/包)-momo購物網 - 好評推薦 - 2023年10月,https://www.momoshop.com.tw/goods/GoodsDetail.jsp?i_code=7976342&cid=recitri&oid=BfG&mdiv=goodsDetail_momoshop-av-&ctype=B&recomd_id=rgc-65g0_normal_1699310754_13041255,2,6
,1,2,6,,SPRING 日式簡約文青帆布大方包手提包斜背包-多色(文青風日式帆布手提包斜背包)-momo購物網 - 好評推薦 - 2023年10月,https://www.momoshop.com.tw/goods/GoodsDetail.jsp?i_code=9418139&str_category_code=1503200005&mdiv=1503200000-bt_2_092_01-bt_2_092_01_e16&ctype=B&sourcePageType=4,4,54
,1,2,6,,名古屋立山黑部動感雪牆+名花之里點燈鬱金香溫泉五日(國泰航空)-momo購物網 - 好評推薦 - 2023年10月,https://www.momoshop.com.tw/goods/GoodsDetail.jsp?i_code=12064454&str_category_code=2502300013&mdiv=2502300000-bt_2_092_01-bt_2_092_01_e16&ctype=B&sourcePageType=4,10,43
,1,2,6,,找到了旅遊 名古屋樹冰秘境+合掌村雪白三溫泉6日-momo購物網 - 好評推薦 - 2023年10月,https://www.momoshop.com.tw/goods/GoodsDetail.jsp?i_code=11874051&recomd_id=hotSale&cid=recitri&oid=BfG&mdiv=&ctype=B,10,8
,0,2,6,,【Panasonic 國際牌】momo獨家255公升一級能效玻璃門雙門變頻冰箱-鏡面鑽石黑(NR-B261VG-X1)-momo購物網 - 好評推薦 - 2023年10月,https://www.momoshop.com.tw/goods/GoodsDetail.jsp?i_code=11373328&mdiv=NEW,1,10
,0,2,6,,【Aesop】身體潔膚露/洗髮露 500ml(多款任選.國際航空版)-momo購物網 - 好評推薦 - 2023年10月,https://www.momoshop.com.tw/goods/GoodsDetail.jsp?i_code=10593567&cid=cheap&oid=1&mdiv=1000000000-bt_0_238_01-bt_0_238_01_e5&ctype=B,2,11
,0,2,6,,【Aesop】洗手露500ml(兩款任選 國際航空版)-momo購物網 - 好評推薦 - 2023年10月,https://www.momoshop.com.tw/goods/GoodsDetail.jsp?i_code=8734399&cid=recitri&oid=BfG&mdiv=goodsDetail_momoshop-av-&ctype=B&recomd_id=rgc-m9pg_normal_1697551060_7445199,2,11
,0,2,6,,【NEW STAR】後背包 時尚機能防水雙層筆電包包 大容量 電腦包 男 女 男包 現貨 BK295(後背包 電腦包)-momo購物網 - 好評推薦 - 2023年10月,https://www.momoshop.com.tw/goods/GoodsDetail.jsp?i_code=8852101&str_category_code=1503300002&mdiv=1503300000-bt_2_091_01-bt_2_091_01_e44&ctype=B&sourcePageType=4,5,11
,1,2,6,,台北茹曦酒店 11/6偷殺!SUNNY BUFFET自助式午或晚餐券(假日+200)【YOUBON】-momo購物網 - 好評推薦 - 2023年10月,https://www.momoshop.com.tw/goods/GoodsDetail.jsp?i_code=11701783&str_category_code=3801800005&ctype=B&Area=DgrpCategory&sourcePageType=4,10,45
,1,2,6,,KISSME 奇士美 花漾美姬零阻力眼線液筆0.4ml(3色任選)-momo購物網 - 好評推薦 - 2023年10月,https://www.momoshop.com.tw/goods/GoodsDetail.jsp?i_code=8384501&str_category_code=1104400109&mdiv=1104400000-bt_2_092_03-bt_2_092_03_e148&ctype=B&sourcePageType=4,2,34
,1,3,3,,【Leatherman】FREE系列 背夾&繫繩孔(#934866)-momo購物網 - 好評推薦 - 2023年10月-momo購物網 - 好評推薦 - 2023年10月,https://www.momoshop.com.tw/goods/GoodsDetail.jsp?i_code=7650108&str_category_code=1603000079&sourcePageType=4,10,34
,1,2,3,,YORI車用旗艦店 9D系列-車用電動按摩腰靠+頭枕(車用腰靠 車用頭枕 護頸枕 靠背墊 開車族必備)-momo購物網 - 好評推薦 - 2023年10月,https://www.momoshop.com.tw/goods/GoodsDetail.jsp?i_code=10869815&str_category_code=4100326008&mdiv=4100300000-bt_2_092_04-bt_2_092_04_e40&ctype=B&sourcePageType=4,10,54
,1,2,6,,Sofy 蘇菲 彈力貼身量少潔翼型17.5CM(16片 x 12包/組)  -momo購物網 - 好評推薦 - 2023年10月,https://www.momoshop.com.tw/goods/GoodsDetail.jsp?i_code=7963692&cid=recitri&oid=BfG&mdiv=goodsDetail_momoshop-av-&ctype=B&recomd_id=rgc-rsj3_normal_1699309877_12985008,2,34
,1,2,6,,Kotex 靠得住 茶樹舒涼棉 日用23cm 72片/夜用28cm 64片/夜超長35cm 40片 -momo購物網 - 好評推薦 - 2023年10月,https://www.momoshop.com.tw/goods/GoodsDetail.jsp?i_code=6743333&cid=recitri&oid=BfG&mdiv=goodsDetail_momoshop-av-&ctype=B&recomd_id=rgc-rsj3_normal_1699309880_12985151,2,67
,0,2,6,,得利官方旗艦店 20坪加強版 A959倍剋漏屋頂防水組(防水漆 隔熱漆)-momo購物網 - 好評推薦 - 2023年10月,https://www.momoshop.com.tw/goods/GoodsDetail.jsp?i_code=11139186&str_category_code=5201000013&mdiv=5201000000-bt_2_093_01-bt_2_093_01_e46&ctype=B&sourcePageType=4,9,33
,1,2,6,,健身大師 極限高70cm桶身恆溫薰蒸泡腳機(足浴機/泡腳桶)-momo購物網 - 好評推薦 - 2023年10月,https://www.momoshop.com.tw/goods/GoodsDetail.jsp?i_code=10581359&str_category_code=5000200003&mdiv=5000200000-bt_2_092_01-bt_2_092_01_e12&ctype=B&sourcePageType=4,8,30
,0,2,3,,S-SportPlus+ 滑板車 加厚手剎款 可折疊滑板車(摺疊滑板車 折平衡車 代步車 兩輪滑板車 滑板)-momo購物網 - 好評推薦 - 2023年10月,https://www.momoshop.com.tw/goods/GoodsDetail.jsp?i_code=11896176&str_category_code=5001000008&ctype=B&Area=DgrpCategory&sourcePageType=4,8,62
,0,1,6,,【AMD 超微】Ryzen R9-7900X 12核心 CPU中央處理器-momo購物網 - 好評推薦 - 2023年11月,https://www.momoshop.com.tw/goods/GoodsDetail.jsp?i_code=10594096&str_category_code=4301800012&mdiv=4301800000-bt_2_093_01-bt_2_093_01_e56&ctype=B&sourcePageType=4,0,32
,0,1,0,,【APIVITA】星晨花提亮面膜2入組(星晨花提亮面膜8mlx24)-momo購物網 - 好評推薦 - 2023年11月,https://www.momoshop.com.tw/goods/GoodsDetail.jsp?i_code=10550094&Area=search&mdiv=403&oid=1_2&cid=index&kw=%E9%9D%A2%E8%86%9C,2,30
,0,2,3,,【福樂】保久乳200mlx2箱共48入(高鈣低脂/巧克力/香蕉/蘋果/堅果/咖啡歐蕾/雙麥/紅茶歐蕾)-momo購物網 - 好評推薦 - 2023年11月,https://www.momoshop.com.tw/goods/GoodsDetail.jsp?i_code=10696926&Area=search&mdiv=403&oid=1_3&cid=index&kw=%E9%A6%99%E8%95%89,3,30
,0,2,6,,【NEW BALANCE】NB 雙11運動鞋/復古鞋_515/500/530系列(MOMO獨家販售)-momo購物網 - 好評推薦 - 2023年11月,https://www.momoshop.com.tw/goods/GoodsDetail.jsp?i_code=11513681&Area=search&mdiv=403&oid=1_2&cid=index&kw=%E9%9E%8B%E5%AD%90,5,28
,0,1,3,,【日本風倍清】抗菌/除菌·消臭/除臭 天然衣物/織物噴霧 370ml x3 入(南法薰衣草/大馬士革玫瑰/仲夏檸檬草-momo購物網 - 好評推薦 - 2023年11月,https://www.momoshop.com.tw/goods/GoodsDetail.jsp?i_code=8735733&Area=search&mdiv=403&oid=1_3&cid=index&kw=%E8%A4%B2%E5%AD%90,9,32
,1,2,6,,【八漾Coffee】滿688元超取免運。特調曼巴/香醇/特濃 /星冰熱/香甜義大利○五款式綜合咖啡豆每磅120元 | 露天市集 | 全台最大的網路購物市集,https://www.ruten.com.tw/item/show?21408143412493,3,29
,0,2,6,,【滿額免運】［現貨］🍄蘑菇手帳屋 小麻糬咕卡貼紙 小麻糬咕咕貼 咕卡貼 小麻糬貼紙 小麻糬造景貼紙 | 露天市集 | 全台最大的網路購物市集,https://www.ruten.com.tw/item/show?22309129696234,7,20
,0,2,6,,【§ 衫衫飾飾 §】10093【12款套裝M~XL號】純棉甚平男士睡衣夏季家居服日式浴衣汗蒸服螢之光藤木直人短和服 | 露天市集 | 全台最大的網路購物市集,https://www.ruten.com.tw/item/show?22130020291664,4,94
,0,4,1,,RED COW紅牛 葡萄糖胺奶粉軟硬兼固配方1.5kgX2罐,https://www.momoshop.com.tw/goods/GoodsDetail.jsp?i_code=10010875&str_category_code=2002700008&mdiv=2002700000-bt_2_092_05-bt_2_092_05_e6&ctype=B&sourcePageType=4,3,54
,0,4,4,,plain-me官方直營 PM旅行後背包 PLN3008(男款/女款 共7色 整理 收納 大容量),https://www.momoshop.com.tw/goods/GoodsDetail.jsp?i_code=10395658&str_category_code=1503300012&mdiv=1503300000-bt_2_091_01-bt_2_091_01_e51&ctype=B&sourcePageType=4,5,43
,1,3,3,,adidas官方旗艦 360 涼鞋 嬰幼童鞋 - Originals(GX0864),https://www.momoshop.com.tw/goods/GoodsDetail.jsp?i_code=11415162&str_category_code=1503600005&mdiv=1503600000-bt_2_092_02-bt_2_092_02_e21&ctype=B&sourcePageType=4,5,34
,0,2,2,,adidas 官方旗艦 Altaventure 2.0 涼鞋 嬰幼童鞋(HQ1282),https://www.momoshop.com.tw/goods/GoodsDetail.jsp?i_code=11680338&recomd_id=hotSale&cid=recitri&oid=BfG&mdiv=&ctype=B,5,33
,0,3,5,,adidas官方旗艦 HELLO KITTY X SUPERSTAR 360 運動休閒鞋 貝殼 嬰幼童鞋 - Originals(HQ4091),https://www.momoshop.com.tw/goods/GoodsDetail.jsp?i_code=10941545&cid=recitri&oid=BfG&mdiv=goodsDetail_momoshop-av-&ctype=B&recomd_id=rgc-hn5m_normal_1699914689_3227983,6,22
,0,4,6,,adidas 官方旗艦 雙11限定 精選後背包/側背包/運動腰包 男女款(共8款),https://www.momoshop.com.tw/goods/GoodsDetail.jsp?i_code=11907521&str_category_code=1503300012&sourcePageType=4,5,43
,0,3,5,, NIKE 耐吉 雙11 休閒鞋 運動鞋 空軍一號 AIR FORCE 1 07 男鞋 多款任選(CT2302100&),https://www.momoshop.com.tw/goods/GoodsDetail.jsp?i_code=11984035&str_category_code=1503500002&sourcePageType=4,5,23
,0,3,3,,NIKE 耐吉 雙11 休閒鞋 運動鞋 喬丹 中筒 熊貓 AIR JORDAN 1 MID 男鞋 多款任選(554724445&),https://www.momoshop.com.tw/goods/GoodsDetail.jsp?i_code=12014061&recomd_id=hotSale&cid=recitri&oid=BfG&mdiv=&ctype=B,5,21
,0,3,3,,NIKE 耐吉 雙11 運動鞋 休閒鞋 小白鞋 COURT系列 男鞋 多款任選(CJ1679101&),https://www.momoshop.com.tw/goods/GoodsDetail.jsp?i_code=11984032&recomd_id=hotSale&cid=recitri&oid=BfG&mdiv=&ctype=B,5,20
,1,3,2,,STOKKE Tripp Trapp 進階組合_櫸木(天然色&水洗白),https://www.momoshop.com.tw/goods/GoodsDetail.jsp?i_code=10768875&str_category_code=2704100191&mdiv=2704100000-bt_2_093_01-bt_2_093_01_e46&ctype=B&sourcePageType=4,6,30
,1,3,2,,BABY MORE 多功能可折疊便攜式寶寶餐椅/兒童餐椅 學習餐椅 兒童椅 吃飯椅 學習椅 出國 野餐,https://www.momoshop.com.tw/goods/GoodsDetail.jsp?i_code=10933892&cid=recitri&oid=BfG&mdiv=goodsDetail_momoshop-av-&ctype=B&recomd_id=rgc-xp90_normal_1699914859_3234383,6,39
,1,2,1,,ToysRUs 玩具反斗城 Merchant Ambassador 20吋桌上型足球檯(棋盤遊戲 對戰遊戲),https://www.momoshop.com.tw/goods/GoodsDetail.jsp?i_code=10826222&str_category_code=2700300217&mdiv=2700300000-bt_2_106_03-bt_2_106_03_e8&ctype=B&sourcePageType=4,6,39
,0,2,3,,SIDIZ ringo 兒童成長椅 含腳踏板(成長椅 學習椅 兒童椅),https://www.momoshop.com.tw/goods/GoodsDetail.jsp?i_code=11906864&str_category_code=2704400054&mdiv=2704400000-bt_2_106_01-bt_2_106_01_e8&ctype=B&sourcePageType=4,6,29
,1,2,3,,幫寶適 2023新升級 一級幫 拉拉褲 M/L/XL 褲型紙尿褲/尿布 4箱,https://www.momoshop.com.tw/goods/GoodsDetail.jsp?i_code=11903523&str_category_code=2700400711&ctype=B&Area=DgrpCategory&sourcePageType=4,6,39
,0,2,2,,Mua 姆兒選品 日本和愛堂省力背帶兒童背帶背巾斜背背帶(嬰兒背巾 外出神器 揹巾 背巾 外出背帶),https://www.momoshop.com.tw/goods/GoodsDetail.jsp?i_code=11020970&str_category_code=2704700010&mdiv=2704700000-bt_2_093_01-bt_2_093_01_e16&ctype=B&sourcePageType=4,6,33
,0,2,3,,幫寶適 一級幫 巧虎安睡褲 XXL/XXXL 褲型紙尿褲/尿布 4包,https://www.momoshop.com.tw/goods/GoodsDetail.jsp?i_code=9823864&recomd_id=hotSale&cid=recitri&oid=BfG&mdiv=&ctype=B,6,34
,0,2,4,,Ergobaby 爾哥寶寶功能款嬰童背帶(嬰兒揹帶 新生兒雙肩背帶 育兒揹巾 嬰兒外出 寬腰帶揹巾),https://www.momoshop.com.tw/goods/GoodsDetail.jsp?i_code=10633189&cid=recitri&oid=BfG&mdiv=goodsDetail_momoshop-av-&ctype=B&recomd_id=rgc-m2hk_normal_1699915007_3234287,6,54
,0,2,5,,Ergobaby Omni全階段型四式360透氣款嬰兒揹巾/揹帶(多款任選),https://www.momoshop.com.tw/goods/GoodsDetail.jsp?i_code=7878741&recomd_id=hotSale&cid=recitri&oid=BfG&mdiv=&ctype=B,6,33
,0,2,4,,Chicco Boppy環抱式透氣嬰兒揹巾,https://www.momoshop.com.tw/goods/GoodsDetail.jsp?i_code=5765157&cid=recitri&oid=BfG&mdiv=goodsDetail_momoshop-av-&ctype=B&recomd_id=rgc-0ctr_normal_1699915041_22273051,6,12
,0,2,3,,MOYUUM 韓國 白金矽膠手環固齒器禮盒(多款可選/彌月禮盒/成長禮盒/新生兒禮盒),https://www.momoshop.com.tw/goods/GoodsDetail.jsp?i_code=9251859&str_category_code=2702700038&mdiv=2702700000-bt_2_093_01-bt_2_093_01_e21&ctype=B&sourcePageType=4,6,32
,0,1,3,,BIBS De Lux矽膠安撫奶嘴+奶嘴收納盒,https://www.momoshop.com.tw/goods/GoodsDetail.jsp?i_code=11219962&str_category_code=2702700023&mdiv=2702700000-bt_2_093_01-bt_2_093_01_e40&ctype=B&sourcePageType=4,6,35
,0,1,2,,BLOKEES 超人力霸王 - 可動積木公仔群星版第四彈(一中盒9入 四五六彈分售),https://www.momoshop.com.tw/goods/GoodsDetail.jsp?i_code=11962998&str_category_code=2703800345&mdiv=2701200000-bt_2_093_01-bt_2_093_01_e16&ctype=B&sourcePageType=4,6,37
,0,3,4,,丹麥MODU 夢想家套件組(創作、創意、積木、體感積木、變形積木、大積木),https://www.momoshop.com.tw/goods/GoodsDetail.jsp?i_code=9489977&str_category_code=2704000009&mdiv=2704000000-bt_2_092_02-bt_2_092_02_e12&ctype=B&sourcePageType=4,6,39
,0,4,3,,Love To Dream 第一階段 蝶型包巾 輕薄款 0.2TOG(多款可選/0-6M),https://www.momoshop.com.tw/goods/GoodsDetail.jsp?i_code=6366222&str_category_code=2704200152&mdiv=2704200000-bt_2_106_02-bt_2_106_02_e8&ctype=B&sourcePageType=4,6,32
,0,4,6,,Love To Dream 第一階段 蝶型包巾 竹纖維一般款 1.0TOG(多款可選/0-6M),https://www.momoshop.com.tw/goods/GoodsDetail.jsp?i_code=6823208&cid=recitri&oid=BfG&mdiv=goodsDetail_momoshop-av-&ctype=B&recomd_id=rgc-f54w_normal_1699916564_22298665,6,30
,1,4,1,,Love To Dream 第二階段 蝶型包巾 輕薄款 0.2TOG(多款可選/3-9M),https://www.momoshop.com.tw/goods/GoodsDetail.jsp?i_code=6366235&recomd_id=hotSale&cid=recitri&oid=BfG&mdiv=&ctype=B,6,14
,1,4,2,,GIO Pillow 超透氣涼爽座墊 豪華款(推車 汽座 座墊 涼墊),https://www.momoshop.com.tw/goods/GoodsDetail.jsp?i_code=5550520&str_category_code=2700200142&mdiv=2700200000-bt_2_093_01-bt_2_093_01_e16&ctype=B&sourcePageType=4,6,28
,1,4,3,,CROSSFOR 雙11特降日本正版DancingStone純銀項鍊 懸浮閃動-多款選(日本專利精美盒裝 情人節生日 送禮),https://www.momoshop.com.tw/goods/GoodsDetail.jsp?i_code=9824343&str_category_code=1311200021&mdiv=1311200021-bt_9_002_01&ctype=B&Area=DgrpCategory&sourcePageType=4,4,33
,1,3,4,,自己人 韓版男士條紋長袖襯衫(多碼可選 男生襯衫 休閒襯衫 上衣),https://www.momoshop.com.tw/goods/GoodsDetail.jsp?i_code=11173700&str_category_code=1306700008&mdiv=1306700008-bt_9_002_01&ctype=B&Area=DgrpCategory&sourcePageType=4,4,41
,1,3,1,,巴黎精品 雙11 襯衫長袖上衣(條紋韓系純棉休閒男裝3色a1bu55),https://www.momoshop.com.tw/goods/GoodsDetail.jsp?i_code=11458525&cid=recitri&oid=BfG&mdiv=goodsDetail_momoshop-av-&ctype=B&recomd_id=rgc-jd2v_normal_1699916825_5107527,4,43
,1,3,2,,巴黎精品 雙11 襯衫長袖上衣(休閒條紋棉經典翻領時尚文藝男裝a1bu80),https://www.momoshop.com.tw/goods/GoodsDetail.jsp?i_code=11458579&cid=recitri&oid=BfG&mdiv=goodsDetail_momoshop-av-&ctype=B&recomd_id=rgc-jd2v_normal_1699916832_5107589,4,46
,1,3,5,,CUMAR 男裝打摺彈性長褲/188117(修身有型),https://www.momoshop.com.tw/goods/GoodsDetail.jsp?i_code=10093192&cid=recitri&oid=BfG,4,40
,0,3,6,,KING GOLF 男款立體剪裁修身彈性素面休閒長褲(藍色),https://www.momoshop.com.tw/goods/GoodsDetail.jsp?i_code=11904613&cid=recitri&oid=BfG&mdiv=goodsDetail_momoshop-av-&ctype=B&recomd_id=rgc-bqbp_normal_1699916864_22328848,4,32
,1,2,4,,MIZUNO 美津濃 男款短袖POLO衫 32TA1517XX（任選一件）(POLO衫),https://www.momoshop.com.tw/goods/GoodsDetail.jsp?i_code=9076151&cid=recitri&oid=BfL&mdiv=category_momoshop-cap_p2-&ctype=B&recomd_id=rgc-tk7m_normal_1699916892_78998110,4,41
,0,3,5,,MIZUNO 美津濃 男平織外套 32TCA082XX（任選一件）(外套),https://www.momoshop.com.tw/goods/GoodsDetail.jsp?i_code=11060739&cid=recitri&oid=BfG&mdiv=goodsDetail_momoshop-av-&ctype=B&recomd_id=rgc-68zv_normal_1699916897_5116412,4,34
,0,4,6,,Timberland 雙11獨家-男款/中性款抗溫差防水外套/防潑水外套/半開襟/連帽夾克/立領外套(多款任選),https://www.momoshop.com.tw/goods/GoodsDetail.jsp?i_code=11870861&recomd_id=hotSale&cid=recitri&oid=BfG&mdiv=&ctype=B,4,34
,0,3,3,,Seoul Show 首爾秀 韓系INS防曬遮陽帽抗UV墨鏡多款任選(男女款),https://www.momoshop.com.tw/goods/GoodsDetail.jsp?i_code=11245445&str_category_code=1311200229&mdiv=1311200229-bt_9_002_01&ctype=B&Area=DgrpCategory&sourcePageType=4,4,25
,0,2,2,,KARAT 簡約風尚 極光 珍珠耳環(多款選),https://www.momoshop.com.tw/goods/GoodsDetail.jsp?i_code=11180628&str_category_code=1311200020&mdiv=1311200020-bt_9_002_01&ctype=B&Area=DgrpCategory&sourcePageType=4,4,33
,0,3,3,,MarCella 瑪榭 10雙組-MIT-抗菌氣墊款除臭襪/輕護足弓透氣運動船襪(短襪/船襪/運動襪/加厚),https://www.momoshop.com.tw/goods/GoodsDetail.jsp?i_code=7040434&str_category_code=1403300012&mdiv=1403300000-bt_2_091_01-bt_2_091_01_e23&ctype=B&sourcePageType=4,4,53
,0,4,4,,雨揚珍品-至尊貔貅純銀招財組-菲常優惠,https://www.momoshop.com.tw/goods/GoodsDetail.jsp?i_code=11357948&str_category_code=1311200019&mdiv=1311200019-bt_9_002_01&ctype=B&Area=DgrpCategory&sourcePageType=4,4,41
,0,2,5,,海洋盒子 天然水晶石多款式串珠彈性戒指.石榴石.天河石.黃水晶.碧璽.綠松石.橄欖石(彈性繩.直接套入),https://www.momoshop.com.tw/goods/GoodsDetail.jsp?i_code=11635901&str_category_code=1311200022&mdiv=1311200022-bt_9_002_01&ctype=B&Area=DgrpCategory&sourcePageType=4,4,41
,1,4,6,,天地合補 Advanced金盞花葉黃素濃縮飲15ml×16入x3盒(共48入),https://www.momoshop.com.tw/goods/GoodsDetail.jsp?i_code=7621685&str_category_code=1205600008&mdiv=1205600000-bt_2_093_01-bt_2_093_01_e16&ctype=B&sourcePageType=4,3,18
,1,2,2,,大研生醫 B群緩釋錠-添加五味子.牛磺酸(30錠/盒),https://www.momoshop.com.tw/goods/GoodsDetail.jsp?i_code=8496459&cid=recitri&oid=BfG&mdiv=goodsDetail_momoshop-av-&ctype=B&recomd_id=rgc-bqbp_normal_1699917479_22335738,3,27
,1,4,1,,亞培 安素原味237ml x30入 x3箱(提升保護力、增強體力、蛋白質幫助肌肉生長),https://www.momoshop.com.tw/goods/GoodsDetail.jsp?i_code=7211344&str_category_code=1205300007&mdiv=1205300000-bt_2_093_01-bt_2_093_01_e16&ctype=B&sourcePageType=4,3,43
,1,2,4,,享食尚 黃金益生菌-孅PLUS x3盒(30包/盒),https://www.momoshop.com.tw/goods/GoodsDetail.jsp?i_code=8199544&str_category_code=1203300216&mdiv=1203300000-bt_2_106_01-bt_2_106_01_e15&ctype=B&sourcePageType=4,3,22
,0,2,5,,享食尚 黃金益生菌-孅PLUS x2盒(30包/盒),https://www.momoshop.com.tw/goods/GoodsDetail.jsp?i_code=7990186&cid=recitri&oid=BfG&mdiv=goodsDetail_momoshop-av-&ctype=B&recomd_id=rgc-0ctr_normal_1699917813_22305315,3,53
,1,2,3,,達摩本草 五國專利300億ABC益生菌 10入組(30包/盒）（共300包),https://www.momoshop.com.tw/goods/GoodsDetail.jsp?i_code=8352339&recomd_id=hotSale&cid=recitri&oid=BfG&mdiv=&ctype=B,3,19
,1,2,6,,善存 3效順暢益生菌粉末顆粒 2盒組(40包/盒),https://www.momoshop.com.tw/goods/GoodsDetail.jsp?i_code=8920482&recomd_id=hotSale&cid=recitri&oid=BfG&mdiv=&ctype=B,3,29
,0,2,4,,Movenpick 莫凡彼 100%純天然500ML冰淇淋任選3盒-冷凍配送(瑞士原裝進口),https://www.momoshop.com.tw/goods/GoodsDetail.jsp?i_code=10922426&str_category_code=2000201190&mdiv=2000200000-bt_2_093_02-bt_2_093_02_e86&ctype=B&sourcePageType=4,3,30
,0,2,5,,Haagen-Dazs 哈根達斯 迷你杯/雪糕 12入組 綜合賣場(迷你杯100ml/雪糕80ml x 12),https://www.momoshop.com.tw/goods/GoodsDetail.jsp?i_code=9875035&recomd_id=hotSale&cid=recitri&oid=BfG&mdiv=&ctype=B,3,130
,0,2,3,,ROASTA咖啡 冷研無糖黑咖啡455mlx24入+4入組(共28入),https://www.momoshop.com.tw/goods/GoodsDetail.jsp?i_code=11812730&str_category_code=2000301214&mdiv=2000300000-bt_2_092_02-bt_2_092_02_e6&ctype=B&sourcePageType=4,3,163
,0,2,4,,Coffee Z 精品濾掛咖啡．綜合風味(10gx60入/盒)(湛盧咖啡監製),https://www.momoshop.com.tw/goods/GoodsDetail.jsp?i_code=11561107&str_category_code=2002000183&ctype=B&Area=DgrpCategory&sourcePageType=4,3,23
,0,2,5,,暖窩咖啡 中焙 甜蜜情人 配方咖啡 濾掛咖啡包(12gx10入/盒 精品咖啡 濾掛咖啡),https://www.momoshop.com.tw/goods/GoodsDetail.jsp?i_code=10710067&cid=recitri&oid=BfG&mdiv=goodsDetail_momoshop-av-&ctype=B&recomd_id=rgc-jd2v_normal_1699918080_5120749,3,35
,1,2,2,,Casa 卡薩 嚴選綜合濾掛式咖啡100入(9g/入；義式特調/藍山/曼巴/巴西/曼特寧；五款風味各20入),https://www.momoshop.com.tw/goods/GoodsDetail.jsp?i_code=8065220&recomd_id=hotSale&cid=recitri&oid=BfG&mdiv=&ctype=B,3,54
,1,2,1,,Casa卡薩 世界莊園單品濾掛咖啡綜合100入(8gx25入;薇薇特南果/尼加拉瓜/蘇門答臘/衣索比亞),https://www.momoshop.com.tw/goods/GoodsDetail.jsp?i_code=7005417&recomd_id=hotSale&cid=recitri&oid=BfG&mdiv=&ctype=B,3,80
,1,2,4,,湛盧咖啡 經典獨家．綜合風味 手沖精品濾掛式咖啡．2盒組(11gx40包/盒),https://www.momoshop.com.tw/goods/GoodsDetail.jsp?i_code=10512676&recomd_id=hotSale&cid=recitri&oid=BfG&mdiv=&ctype=B,3,44
,0,4,5,,暖窩咖啡 中焙 甜蜜情人 配方咖啡 濾掛咖啡包(12gx10入/盒 精品咖啡 濾掛咖啡),https://www.momoshop.com.tw/goods/GoodsDetail.jsp?i_code=10710067&mdiv=411412,3,188
,0,4,6,,Cozyhouse 暖窩 中焙 甜蜜情人 配方咖啡 濾掛咖啡包(12g x 10入/盒),https://www.momoshop.com.tw/goods/GoodsDetail.jsp?i_code=11684227&cid=recitri&oid=BfG&mdiv=goodsDetail_momoshop-av-&ctype=B&recomd_id=rgc-f54w_normal_1699918156_22315801,3,243
,1,4,4,,UCC 職人系列典藏/炭燒/法式風味濾掛式咖啡6盒組(8gx12入/盒;共72入),https://www.momoshop.com.tw/goods/GoodsDetail.jsp?i_code=8986416&recomd_id=hotSale&cid=recitri&oid=BfG&mdiv=&ctype=B,3,342
,0,4,3,,cama cafe 鎖香煎焙濾掛式咖啡綜合口味2盒組(8gx40入/盒;共80入),https://www.momoshop.com.tw/goods/GoodsDetail.jsp?i_code=5914457&recomd_id=hotSale&cid=recitri&oid=BfG&mdiv=&ctype=B,3,22
,1,3,2,,即期品 cama cafe 冷萃浸泡式咖啡-蔗香茶韻(10gx8入),https://www.momoshop.com.tw/goods/GoodsDetail.jsp?i_code=9224677&cid=recitri&oid=BfG&mdiv=goodsDetail_momoshop-av-&ctype=B&recomd_id=rgc-xp90_normal_1699918229_3273125,3,23
,0,3,4,,彩花蜜 台灣龍眼蜂蜜3000gX1桶,https://www.momoshop.com.tw/goods/GoodsDetail.jsp?i_code=3650760&str_category_code=2006100363&mdiv=2006100000-bt_2_091_01-bt_2_091_01_e16&ctype=B&sourcePageType=4,3,43
,1,3,5,,爭鮮 爭鮮自製燻鮭3包組(100g/包),https://www.momoshop.com.tw/goods/GoodsDetail.jsp?i_code=11358524&str_category_code=4400400153&sourcePageType=4,3,74
,1,3,6,,RealShop 日本青森toki土歧36-40粒頭1.6kg±10%x2盒(6顆/盒x2盒 水蜜桃蘋果 真食材本舖 雙11限定),https://www.momoshop.com.tw/goods/GoodsDetail.jsp?i_code=11927255&str_category_code=4400600128&sourcePageType=4,3,18
,1,3,5,,RealShop 日本青森toki土歧28-32粒頭4kg±10%x1盒(11-13顆禮盒_水蜜桃蘋果)雙11限定,https://www.momoshop.com.tw/goods/GoodsDetail.jsp?i_code=11992449&recomd_id=hotSale&cid=recitri&oid=BfG&mdiv=&ctype=B,3,105
,1,3,4,,RealShop 青森Toki蘋果4顆＋日本弘前蜜富士4顆+韓國梨4 12顆共4.5kg±10%x1盒 日韓禮盒(雙11限定),https://www.momoshop.com.tw/goods/GoodsDetail.jsp?i_code=10909452&recomd_id=hotSale&cid=recitri&oid=BfG&mdiv=&ctype=B,3,165
,1,2,3,,Siroca 自動研磨咖啡機 SC-A3510S(銀色),https://www.momoshop.com.tw/goods/GoodsDetail.jsp?i_code=11975524&str_category_code=2900500111&mdiv=2900500000-bt_2_106_08-bt_2_106_08_e8&ctype=B&sourcePageType=4,1,24
,0,2,3,,Philips 飛利浦 全自動義式咖啡機 香檳金(EP3246/84),https://www.momoshop.com.tw/goods/GoodsDetail.jsp?i_code=8038624&recomd_id=hotSale&cid=recitri&oid=BfG&mdiv=&ctype=B,1,45
,0,2,2,,Russell Hobbs 羅素 全自動研磨咖啡機(20060-56TW),https://www.momoshop.com.tw/goods/GoodsDetail.jsp?i_code=7255267&recomd_id=hotSale&cid=recitri&oid=BfG&mdiv=&ctype=B,1,89
,0,2,1,,Philips 飛利浦 全自動義式咖啡機 香檳金(EP3246/84),https://www.momoshop.com.tw/goods/GoodsDetail.jsp?i_code=8038624&mdiv=411412,1,93
,0,2,2,,TCL 55型 4K QLED 120Hz DLG Google TV 量子智能連網顯示器(55C645-基本安裝),https://www.momoshop.com.tw/goods/GoodsDetail.jsp?i_code=11679460&str_category_code=2907300016&mdiv=2907300000-bt_2_092_01-bt_2_092_01_e12&ctype=B&sourcePageType=4,1,72
,0,2,6,,SAMSUNG 三星 55型4K OLED智慧連網 144Hz 液晶顯示器(QA55S95CAXXZW),https://www.momoshop.com.tw/goods/GoodsDetail.jsp?i_code=11488188&str_category_code=2906900002&mdiv=2906900000-bt_2_109_06-bt_2_109_06_e7&ctype=B&sourcePageType=4,1,30
,0,2,6,,SAMSUNG 三星 77型4K OLED智慧連網 144Hz 液晶顯示器(QA77S90CAXXZW),https://www.momoshop.com.tw/goods/GoodsDetail.jsp?i_code=11488324&cid=recitri&oid=BfG&mdiv=goodsDetail_momoshop-av-&ctype=B&recomd_id=rgc-0ctr_normal_1699918808_22315131,1,81
,0,2,6,,TOSHIBA 東芝 58型六真色PRO杜比視界全景聲4K安卓液晶顯示器(58C350KT),https://www.momoshop.com.tw/goods/GoodsDetail.jsp?i_code=9852678&recomd_id=hotSale&cid=recitri&oid=BfG&mdiv=&ctype=B,1,99
,0,3,6,,Philips 飛利浦 75吋 4K MiniLED量子點Android顯示器(75PML9506),https://www.momoshop.com.tw/goods/GoodsDetail.jsp?i_code=10913260&str_category_code=2907300029&mdiv=2907300000-bt_2_092_01-bt_2_092_01_e21&ctype=B&sourcePageType=4,1,29
,0,3,6,,Google Chromecast(支援 Google TV 4K/聯強國際公司貨),https://www.momoshop.com.tw/goods/GoodsDetail.jsp?i_code=11020579&str_category_code=2913000860&mdiv=2913000000-bt_2_216_01-bt_2_216_01_e13&ctype=B&sourcePageType=4,1,73
,0,3,5,,Nintendo 任天堂 Switch電光藍紅Joy-Con續航力加強版主機內含 Switch 運動(台灣公司貨),https://www.momoshop.com.tw/goods/GoodsDetail.jsp?i_code=10808538&str_category_code=2900100353&sourcePageType=4,1,27
,0,3,4,,SONY 索尼 PS5 光碟版主機(CFI-1218A01),https://www.momoshop.com.tw/goods/GoodsDetail.jsp?i_code=11023988&recomd_id=hotSale&cid=recitri&oid=BfG&mdiv=&ctype=B,1,74
,0,3,3,,Ms.elec 米嬉樂 冰熱奇蹟美顏儀 CH-002(兩色任選/臉眼兩用/導入儀/美容儀/促進吸收),https://www.momoshop.com.tw/goods/GoodsDetail.jsp?i_code=8084836&str_category_code=2900200203&mdiv=2900200000-bt_2_106_04-bt_2_106_04_e1&ctype=B&sourcePageType=4,1,88
,1,4,2,,SAMPO聲寶 冰晶熱敷美容儀+微震動美顏儀(1510+1512),https://www.momoshop.com.tw/goods/GoodsDetail.jsp?i_code=3993570&cid=recitri&oid=BfG&mdiv=goodsDetail_momoshop-av-&ctype=B&recomd_id=rgc-0ctr_normal_1699918951_22316489,1,71
,1,4,4,,Lisscode 42°C / 10°C 喚膚溫冷美顏器,https://www.momoshop.com.tw/goods/GoodsDetail.jsp?i_code=5413760&cid=recitri&oid=BfG&mdiv=goodsDetail_momoshop-av-&ctype=B&recomd_id=rgc-bqbp_normal_1699918963_22350616,1,96
,1,4,5,,PANATEC 沛莉緹 冰熱保濕清潔緊致SPA美容導入儀(K-260),https://www.momoshop.com.tw/goods/GoodsDetail.jsp?i_code=5607373&recomd_id=hotSale&cid=recitri&oid=BfG&mdiv=&ctype=B,1,407
,0,4,1,,TRYME詩朵 2in1溫熱SPA貝殼機(貝殼機),https://www.momoshop.com.tw/goods/GoodsDetail.jsp?i_code=10829373&recomd_id=hotSale&cid=recitri&oid=BfG&mdiv=&ctype=B,1,25
,1,4,2,,TRYME 詩朵 24K金 2in1溫熱SPA貝殼機 蒂芙綠(貝殼機/美容儀),https://www.momoshop.com.tw/goods/GoodsDetail.jsp?i_code=11661586&cid=recitri&oid=BfG&mdiv=goodsDetail_momoshop-av-&ctype=B&recomd_id=rgc-8r3h_normal_1699919037_56428771,1,156
,1,4,3,,TRYME 詩朵 24K金 2in1溫熱SPA貝殼機 緋豔紅(貝殼機/美容儀),https://www.momoshop.com.tw/goods/GoodsDetail.jsp?i_code=11243331&cid=recitri&oid=BfG&mdiv=goodsDetail_momoshop-av-&ctype=B&recomd_id=rgc-tk7m_normal_1699919052_79020216,1,47
,0,4,6,,Natural Balance 低敏羊肉糙米成犬配方 4.5lbs/2.04kg(狗糧、狗飼料、狗乾糧),https://www.momoshop.com.tw/goods/GoodsDetail.jsp?i_code=4294461&str_category_code=4700200269&sourcePageType=4,9,61
,0,4,5,,Natural Balance LID低敏羊肉糙米成犬配方小顆粒-12磅(WDJ首選推薦 單一肉源 狗飼料),https://www.momoshop.com.tw/goods/GoodsDetail.jsp?i_code=6224430&cid=recitri&oid=BfG&mdiv=goodsDetail_momoshop-av-&ctype=B&recomd_id=rgc-tk7m_normal_1699919116_79020824,9,80
,0,4,4,,TOMA-PRO 優格 經典系列狗飼料-羊肉+米/雞肉+米 13.6 公斤(成犬 幼犬 高齡犬 老犬 全齡犬),https://www.momoshop.com.tw/goods/GoodsDetail.jsp?i_code=9680523&recomd_id=hotSale&cid=recitri&oid=BfG&mdiv=&ctype=B,9,51
,1,4,3,,LCB 藍帶廚坊 L.I.D.狗糧 2包超值組 活力挑嘴犬10kg+高能挑嘴犬10kg(成犬 老犬 熟齡犬 狗飼料 寵物飼料),https://www.momoshop.com.tw/goods/GoodsDetail.jsp?i_code=10641655&cid=recitri&oid=BfG&mdiv=goodsDetail_momoshop-av-&ctype=B&recomd_id=rgc-0334_normal_1699919167_22328669,9,34
,1,4,2,,葛莉思 犬食-牛肉大餐15KG(膳纖腸道健康配方 狗飼料 狗糧 寵物飼料 狗乾糧),https://www.momoshop.com.tw/goods/GoodsDetail.jsp?i_code=2563371&recomd_id=hotSale&cid=recitri&oid=BfG&mdiv=&ctype=B,9,83
,1,4,2,, RoLife簡約生活 天然環保豆腐貓砂6L-8包組,https://www.momoshop.com.tw/goods/GoodsDetail.jsp?i_code=8049218&str_category_code=4700100120&mdiv=4700100000-bt_2_093_02-bt_2_093_02_e40&ctype=B&sourcePageType=4,9,208
,1,4,3,,ODOUT 臭味滾 細抗臭豆腐貓砂2.0mm 6L-六包組,https://www.momoshop.com.tw/goods/GoodsDetail.jsp?i_code=8760572&recomd_id=hotSale&cid=recitri&oid=BfG&mdiv=&ctype=B,9,301
,1,4,6,,愛寵 超極細豆腐貓砂6L-6入組,https://www.momoshop.com.tw/goods/GoodsDetail.jsp?i_code=7251446&cid=recitri&oid=BfG&mdiv=goodsDetail_momoshop-av-&ctype=B&recomd_id=rgc-pgd9_normal_1699919288_3279541,9,355
,1,2,5,,RoLife簡約生活 天然環保豆腐貓砂6L-8包組,https://www.momoshop.com.tw/goods/GoodsDetail.jsp?i_code=8049218&cid=recitri&oid=BfG&mdiv=goodsDetail_momoshop-av-&ctype=B&recomd_id=rgc-0w93_normal_1699919306_56375720,9,256
,0,3,4,,小白執事 豆腐貓砂18L-3入組,https://www.momoshop.com.tw/goods/GoodsDetail.jsp?i_code=6685646&cid=recitri&oid=BfG&mdiv=goodsDetail_momoshop-av-&ctype=B&recomd_id=rgc-z90n_normal_1699919346_5141252,9,277
,0,4,5,,KOBA 寵物專用航空箱/外出籠(寵物專用航空箱/籠子/運輸籠/貓咪外出籠/寵物託運箱/外出提籠),https://www.momoshop.com.tw/goods/GoodsDetail.jsp?i_code=10707651&str_category_code=4700800030&mdiv=4700800000-bt_2_092_02-bt_2_092_02_e21&ctype=B&sourcePageType=4,9,36
,0,2,6,,MY PET 寵物天窗外出箱(鐵網航空箱外出籠),https://www.momoshop.com.tw/goods/GoodsDetail.jsp?i_code=10418889&cid=recitri&oid=BfG&mdiv=goodsDetail_momoshop-av-&ctype=B&recomd_id=rgc-rsj3_normal_1699919388_22331297,9,47
,0,2,5,,CATIDEA 貓樂適 寵物航空箱600型 CA-XL(上開式運輸籠/天窗型外出籠/手提箱/上掀式提籠),https://www.momoshop.com.tw/goods/GoodsDetail.jsp?i_code=10907618&cid=recitri&oid=BfG&mdiv=goodsDetail_momoshop-av-&ctype=B&recomd_id=rgc-4b7q_normal_1699919457_3277694,9,33
,0,3,6,,Glolux 北美品牌 16W 高亮度LED燈泡 E27-8入組(白光/黃光),https://www.momoshop.com.tw/goods/GoodsDetail.jsp?i_code=10596456&str_category_code=5200400152&mdiv=5200400000-bt_2_106_01-bt_2_106_01_e8&ctype=B&sourcePageType=4,9,90
,1,3,5,,Philips 飛利浦 LED Stick 9W E27 超廣角燈泡(白光/黃光任選),https://www.momoshop.com.tw/goods/GoodsDetail.jsp?i_code=7875490&cid=recitri&oid=BfG&mdiv=goodsDetail_momoshop-av-&ctype=B&recomd_id=rgc-m2hk_normal_1699919486_3283007,9,82
,1,3,6,,Philips 飛利浦 11W LED燈泡 E27(12入組),https://www.momoshop.com.tw/goods/GoodsDetail.jsp?i_code=8444240&recomd_id=hotSale&cid=recitri&oid=BfG&mdiv=&ctype=B,9,62
,1,3,6,,Everlight 億光 8入組 13W二代高光效 LED燈泡 全電壓 球泡燈(白光/黃光/自然光),https://www.momoshop.com.tw/goods/GoodsDetail.jsp?i_code=9702164&recomd_id=hotSale&cid=recitri&oid=BfG&mdiv=&ctype=B,9,17
,1,3,6,,五月花 新柔韌抽取式衛生紙(110抽x12包x6袋),https://www.momoshop.com.tw/goods/GoodsDetail.jsp?i_code=3252331&str_category_code=3900100054&mdiv=3900100000-bt_2_106_04-bt_2_106_04_e1&ctype=B&sourcePageType=4,9,36
,1,3,6,, Kleenex 舒潔 絲絨舒膚抽取衛生紙110抽x60包/箱,https://www.momoshop.com.tw/goods/GoodsDetail.jsp?i_code=10047232&recomd_id=hotSale&cid=recitri&oid=BfG&mdiv=&ctype=B,9,83
,0,3,1,,好自在雙11限定超殺組 買6送6 液體衛生棉12入(24cm/27cm/34cm 100片+清新浄味款24cm/27cm/31.7cm 18片),https://www.momoshop.com.tw/goods/GoodsDetail.jsp?i_code=11659509&str_category_code=4500100286&mdiv=4500100000-bt_2_106_01-bt_2_106_01_e1&ctype=B&sourcePageType=4,3,106
,0,3,6,,好自在-嘗鮮推薦 液體衛生棉6入組(24cm/27cm/34cm x 50片+幻彩液體衛生棉 24cm/27cm/31.7cm x 9片),https://www.momoshop.com.tw/goods/GoodsDetail.jsp?i_code=10576024&cid=recitri&oid=BfG&mdiv=goodsDetail_momoshop-av-&ctype=B&recomd_id=rgc-b63g_normal_1699919583_3285931,3,35
,0,3,5,,Bref 妙力 懸掛式馬桶清潔球50g*2x10組/箱(海洋/薰衣草/花香/麝香薄荷 4款任選),https://www.momoshop.com.tw/goods/GoodsDetail.jsp?i_code=9738950&str_category_code=3900600624&mdiv=3900600000-bt_2_106_01-bt_2_106_01_e8&ctype=B&sourcePageType=4,9,61
,0,3,6,,3M 百利免手洗魔布拖把雙纖升級版-公主白1桿3布,https://www.momoshop.com.tw/goods/GoodsDetail.jsp?i_code=9623731&str_category_code=3900500010&mdiv=3900500000-bt_2_092_05-bt_2_092_05_e12&ctype=B&sourcePageType=4,9,88
,0,3,4,,驅塵氏 靜電除塵紙超值包(25張/包-4包/組),https://www.momoshop.com.tw/goods/GoodsDetail.jsp?i_code=7115399&recomd_id=hotSale&cid=recitri&oid=BfG&mdiv=&ctype=B,9,52
,0,3,3,,茶樹莊園Xmomo獨家 茶樹小蘇打洗碗精補充包8入(1000g/入-8入/箱-箱購),https://www.momoshop.com.tw/goods/GoodsDetail.jsp?i_code=11060505&str_category_code=3901100010&mdiv=3901100000-bt_2_106_02-bt_2_106_02_e15&ctype=B&sourcePageType=4,9,38
,1,3,5,,厚禮樹 洪易 HungYi/中秋瓷器禮盒/2019 豬事圓滿(洪易),https://www.momoshop.com.tw/goods/GoodsDetail.jsp?i_code=11414234&str_category_code=2802400133&mdiv=2802400000-bt_2_106_01-bt_2_106_01_e15&ctype=B&sourcePageType=4,8,98
,1,3,6,,ONE HOUSE 防潑水加厚貓抓彈力沙發套(三人座),https://www.momoshop.com.tw/goods/GoodsDetail.jsp?i_code=6885316&str_category_code=4801300010&mdiv=4801300010-bt_9_002_01&ctype=B&Area=DgrpCategory&sourcePageType=4,8,44
,1,4,4,,嵐楓居家 真心玩簡單彈性柔軟沙3人發套(贈抱枕套1個),https://www.momoshop.com.tw/goods/GoodsDetail.jsp?i_code=6205828&recomd_id=hotSale&cid=recitri&oid=BfG&mdiv=&ctype=B,8,645
,0,4,3,,小銅板 超彈力沙發套-3人座-L尺寸(97-160號-多款可選),https://www.momoshop.com.tw/goods/GoodsDetail.jsp?i_code=7442263&recomd_id=hotSale&cid=recitri&oid=BfG&mdiv=&ctype=B,8,38
,0,4,3,,小銅板 超彈力印花沙發套-3人座-L尺寸(3-97號-多款可選),https://www.momoshop.com.tw/goods/GoodsDetail.jsp?i_code=8090766&cid=recitri&oid=BfG&mdiv=goodsDetail_momoshop-av-&ctype=B&recomd_id=rgc-68zv_normal_1699919888_5146466,8,90
,1,2,3,,巴芙洛 侘寂風時尚水晶絨地毯140*200CM加大地毯/買就送地毯清潔劑(保溫保暖/侘寂風地毯/踏墊),https://www.momoshop.com.tw/goods/GoodsDetail.jsp?i_code=7147859&str_category_code=4801400015&sourcePageType=4,8,87
,0,2,4,,BUNNY LIFE 邦妮生活館 北歐風舒柔水晶絨地毯-120x160cm,https://www.momoshop.com.tw/goods/GoodsDetail.jsp?i_code=7578007&cid=recitri&oid=BfG&mdiv=goodsDetail_momoshop-av-&ctype=B&recomd_id=rgc-pgd9_normal_1699919920_3285165,8,35
,0,2,5,,西格傢飾 現代簡約水晶絨地毯140x200cm(加大地毯 防滑 地墊 沙發 遊戲墊 可機洗/保溫保暖),https://www.momoshop.com.tw/goods/GoodsDetail.jsp?i_code=11231788&recomd_id=hotSale&cid=recitri&oid=BfG&mdiv=&ctype=B,8,76
,1,2,6,,200x240CM 素面特大大地墊 超回彈優質珊瑚絨厚實地墊 地毯 腳踏墊 吸水地墊,https://www.momoshop.com.tw/goods/GoodsDetail.jsp?i_code=5969196&recomd_id=hotSale&cid=recitri&oid=BfG&mdiv=&ctype=B,8,45
,1,2,6,,幸福揚邑 舒壓長毛羊絲絨超軟防滑吸水地墊地毯-共七色(80x160cm/保溫保暖),https://www.momoshop.com.tw/goods/GoodsDetail.jsp?i_code=4497321&cid=recitri&oid=BfG&mdiv=goodsDetail_momoshop-av-&ctype=B&recomd_id=rgc-0334_normal_1699919966_22335603,8,60
,1,2,6,,BUNNY LIFE 邦妮生活館 北歐風舒柔水晶絨地毯-120x160cm,https://www.momoshop.com.tw/goods/GoodsDetail.jsp?i_code=7578007&mdiv=411412,8,62
,1,3,6,,西格傢飾 現代簡約水晶絨地毯140x200cm(加大地毯 防滑 地墊 沙發 遊戲墊 可機洗/保溫保暖),https://www.momoshop.com.tw/goods/GoodsDetail.jsp?i_code=11231788&mdiv=411412,8,18
,0,3,6,,House Deco 吾所飾室 侘寂風新生軟絨仿羊絨地毯100*160cm(仿羊絨客廳臥室床邊毯家用現代簡約吸水地毯),https://www.momoshop.com.tw/goods/GoodsDetail.jsp?i_code=10521069&cid=recitri&oid=BfG&mdiv=goodsDetail_momoshop-av-&ctype=B&recomd_id=rgc-tk7m_original_1699920009_79028792,8,66
,0,3,6,,ISHUR伊舒爾 買1送1 石墨烯乳膠枕/石墨烯乳膠獨立筒枕 任選(贈天絲枕套2入/石墨烯/遠紅外線/枕頭),https://www.momoshop.com.tw/goods/GoodsDetail.jsp?i_code=8874795&str_category_code=4800200153&mdiv=4800200000-bt_2_092_05-bt_2_092_05_e81&ctype=B&sourcePageType=4,8,10
,0,3,6,,LooCa 買1送1 護頸深度睡眠乳膠枕頭(多款任選-雙11限定),https://www.momoshop.com.tw/goods/GoodsDetail.jsp?i_code=5227971&recomd_id=hotSale&cid=recitri&oid=BfG&mdiv=&ctype=B,8,205
,0,2,6,,LooCa 買1送1 護頸深度睡眠乳膠枕(五款任選-速),https://www.momoshop.com.tw/goods/GoodsDetail.jsp?i_code=8071486&recomd_id=hotSale&cid=recitri&oid=BfG&mdiv=&ctype=B,8,56
,0,2,1,,Ashley House 42面寬可拆式抽屜式五層收納櫃-附輪(收納箱 簽),https://www.momoshop.com.tw/goods/GoodsDetail.jsp?i_code=6322661&str_category_code=1804000405&mdiv=1804000000-bt_2_106_01-bt_2_106_01_e8&ctype=B&sourcePageType=4,8,70
,1,2,2,,ONE HOUSE 72L 萬向輪折疊四層收納櫃(2組),https://www.momoshop.com.tw/goods/GoodsDetail.jsp?i_code=10527793&cid=recitri&oid=BfG&mdiv=goodsDetail_momoshop-av-&ctype=B&recomd_id=rgc-p90m_original_1699920106_3276423,8,63
,0,2,3,,72L特大號圓扣型三門折疊收納箱5入(附輪收納箱 折疊收納箱 收納箱 摺疊收納 收納 折疊箱),https://www.momoshop.com.tw/goods/GoodsDetail.jsp?i_code=10940264&cid=recitri&oid=BfG&mdiv=goodsDetail_momoshop-av-&ctype=B&recomd_id=rgc-f54w_original_1699920110_22334265,8,73
,0,4,5,,V. GOOD 小號透灰款多功能附輪雙門折疊收納箱2入(收納箱 折疊箱 整理盒 收納),https://www.momoshop.com.tw/goods/GoodsDetail.jsp?i_code=10391649&cid=recitri&oid=BfG&mdiv=goodsDetail_momoshop-av-&ctype=B&recomd_id=rgc-tk7m_original_1699920121_79029976,8,100
,0,4,5,,ONE HOUSE 阪原露營桌板折疊收納箱-中款2入/大款1入,https://www.momoshop.com.tw/goods/GoodsDetail.jsp?i_code=8459190&recomd_id=hotSale&cid=recitri&oid=BfG&mdiv=&ctype=B,8,28
,0,4,6,,H&D 東稻家居 MODERN DECO麥西蒙日式多功能收納沙發床-5色(沙發床 收納沙發 收納 皮沙發 布沙發),https://www.momoshop.com.tw/goods/GoodsDetail.jsp?i_code=6147058&str_category_code=1800100137&ctype=B&Area=DgrpCategory&sourcePageType=4,8,30
,1,4,5,,H&D 東稻家居 日式簡約布質沙發床(日式 三色),https://www.momoshop.com.tw/goods/GoodsDetail.jsp?i_code=2956661&recomd_id=hotSale&cid=recitri&oid=BfG&mdiv=&ctype=B,8,64
,1,4,5,,ASSARI 露西台塑南亞貓抓皮沙發床(168cm),https://www.momoshop.com.tw/goods/GoodsDetail.jsp?i_code=6276928&recomd_id=hotSale&cid=recitri&oid=BfG&mdiv=&ctype=B,8,45
,1,4,6,,RICHOME 利茲工業風皮面沙發床/雙人沙發/皮沙發(可躺可坐可臥多功能),https://www.momoshop.com.tw/goods/GoodsDetail.jsp?i_code=4425927&cid=recitri&oid=BfG&mdiv=goodsDetail_momoshop-av-&ctype=B&recomd_id=rgc-vdv7_original_1699920231_56498706,8,88
,1,4,5,,ASSARI 露西台塑南亞貓抓皮沙發床(168cm),https://www.momoshop.com.tw/goods/GoodsDetail.jsp?i_code=6276928&recomd_id=hotSale&cid=recitri&oid=BfG&mdiv=&ctype=B,8,453
,1,4,4,,多瓦娜 佛萊迪機能型收納沙發床/二色,https://www.momoshop.com.tw/goods/GoodsDetail.jsp?i_code=6362715&recomd_id=hotSale&cid=recitri&oid=BfG&mdiv=&ctype=B,8,25
,0,3,6,,IHouse 達芙 貓抓皮魔術擺放L型沙發 3人+腳椅,https://www.momoshop.com.tw/goods/GoodsDetail.jsp?i_code=6672471&cid=recitri&oid=BfG&mdiv=goodsDetail_momoshop-av-&ctype=B&recomd_id=rgc-m9bl_original_1699920262_5142207,8,94
,0,3,5,,Waymax X7-pro-max電動滑板車,https://www.momoshop.com.tw/goods/GoodsDetail.jsp?i_code=11233762&str_category_code=4100400190&mdiv=4100400000-bt_2_109_01-bt_2_109_01_e26&ctype=B&sourcePageType=4,10,99
,1,3,4,,CARSCAM LED大燈鋁合金超輕量折疊電動滑板車,https://www.momoshop.com.tw/goods/GoodsDetail.jsp?i_code=7153876&recomd_id=hotSale&cid=recitri&oid=BfG&mdiv=&ctype=B,10,266
,0,2,5,,Segway 電動滑板車(F25),https://www.momoshop.com.tw/goods/GoodsDetail.jsp?i_code=10101850&recomd_id=hotSale&cid=recitri&oid=BfG&mdiv=&ctype=B,10,85
,1,2,6,,SOTO 穩壓輕便型蜘蛛爐 ST-340 附收納袋(大火口3.3kW 露營瓦斯迷你爐),https://www.momoshop.com.tw/goods/GoodsDetail.jsp?i_code=10642877&str_category_code=1601900616&mdiv=1601900000-bt_2_106_04-bt_2_106_04_e1&ctype=B&sourcePageType=4,10,46
,1,2,6,,SOTO L型填充式掌中點火器 ST-486AG_軍綠/ST-486CT_狼棕,https://www.momoshop.com.tw/goods/GoodsDetail.jsp?i_code=8670117&cid=recitri&oid=BfG&mdiv=goodsDetail_momoshop-av-&ctype=B&recomd_id=rgc-xp90_original_1699920368_3292933,10,111
,1,2,6,,SOTO 伸縮防風點火器 ST-480C,https://www.momoshop.com.tw/goods/GoodsDetail.jsp?i_code=8805180&recomd_id=hotSale&cid=recitri&oid=BfG&mdiv=&ctype=B,10,35
,1,2,2,,SOTO 伸縮點火器 ST-407LV(點火器),https://www.momoshop.com.tw/goods/GoodsDetail.jsp?i_code=4390721&recomd_id=hotSale&cid=recitri&oid=BfG&mdiv=&ctype=B,10,98
,1,2,3,,OKUMA SALINA 剎那 海水專用紡車捲線器SA8000A(岸拋/船拋/鐵板釣法適用),https://www.momoshop.com.tw/goods/GoodsDetail.jsp?i_code=10845673&str_category_code=1602400017&mdiv=1602400000-bt_2_106_01-bt_2_106_01_e1&ctype=B&sourcePageType=4,10,53
,1,3,5,,OKUMA SALINA 剎那 海水專用紡車捲線器SA6000HA(岸拋/船拋/鐵板釣法適用),https://www.momoshop.com.tw/goods/GoodsDetail.jsp?i_code=10845672&cid=recitri&oid=BfG&mdiv=goodsDetail_momoshop-av-&ctype=B&recomd_id=rgc-0334_original_1699920437_22340351,10,106
,1,3,6,,SHIMANO MIRAVEL 2500/C3000 紡車捲線器,https://www.momoshop.com.tw/goods/GoodsDetail.jsp?i_code=10892266&recomd_id=hotSale&cid=recitri&oid=BfG&mdiv=&ctype=B,10,55
,1,3,4,,SHIMANO ULTEGRA 2500/C3000 系列紡車捲線器,https://www.momoshop.com.tw/goods/GoodsDetail.jsp?i_code=8826954&cid=recitri&oid=BfG&mdiv=goodsDetail_momoshop-av-&ctype=B&recomd_id=rgc-0334_original_1699920478_22340739,10,94
,1,4,1,,OKUMA SALINA 剎那 海水專用紡車捲線器SA6000HA(岸拋/船拋/鐵板釣法適用),https://www.momoshop.com.tw/goods/GoodsDetail.jsp?i_code=10845672&mdiv=411412,10,87
,1,4,3,,Zealio 無線車門警示燈2盒組(免安裝磁鐵/貼上即用),https://www.momoshop.com.tw/goods/GoodsDetail.jsp?i_code=9434951&str_category_code=4100300103&mdiv=4100300000-bt_2_092_03-bt_2_092_03_e40&ctype=B&sourcePageType=4,10,23
,0,4,5,,LOOKING 錄得清 充電式LED車廂燈(高強度照明 櫥櫃 車廂 USB充電 觸控式 多場景適用),https://www.momoshop.com.tw/goods/GoodsDetail.jsp?i_code=11126747&recomd_id=hotSale&cid=recitri&oid=BfG&mdiv=&ctype=B,10,22
,0,4,3,,鑽石反光貼警示紙條膠帶(反光射300米可視 汽車門防撞燈光條),https://www.momoshop.com.tw/goods/GoodsDetail.jsp?i_code=9697079&cid=recitri&oid=BfG&mdiv=goodsDetail_momoshop-av-&ctype=B&recomd_id=rgc-vdv7_original_1699920530_56501678,10,74
,0,4,4,,一朵花汽車百貨 車門反光條 反光警示貼紙 夜間反光貼 提示車貼 開門警示 車門警示 汽車反光貼紙,https://www.momoshop.com.tw/goods/GoodsDetail.jsp?i_code=11387716&cid=recitri&oid=BfG&mdiv=goodsDetail_momoshop-av-&ctype=B&recomd_id=rgc-p90m_original_1699920544_3280663,10,29
,1,4,5,,3M強力雙面膠帶25mm(防水泡棉膠/車用雙面膠/無痕雙面膠),https://www.momoshop.com.tw/goods/GoodsDetail.jsp?i_code=11173595&recomd_id=hotSale&cid=recitri&oid=BfG&mdiv=&ctype=B,10,83
,0,4,4,,CASIO 卡西歐 卡西歐 EDIFICE F1 車隊聯名錶(EQB-1000AT-1A),https://www.momoshop.com.tw/goods/GoodsDetail.jsp?i_code=9010802&cid=recitri&oid=BfD&mdiv=category_momoshop-cap_p0-&ctype=B&recomd_id=rgc-f54w_original_1699920649_22339533,5,16
,1,4,2,,KANGOL 買一送一。買錶送馬卡龍包款│英國袋鼠 2023最新優雅晶鑽錶/手錶/腕錶 - KG725/732(多款任選),https://www.momoshop.com.tw/goods/GoodsDetail.jsp?i_code=11686545&recomd_id=hotSale&cid=recitri&oid=BfG&mdiv=&ctype=B,5,75
,1,4,1,,KANGOL 英國袋鼠│柔光典雅晶鑽錶 / 手錶 / 腕錶 - KG72035-06Z(玫瑰金),https://www.momoshop.com.tw/goods/GoodsDetail.jsp?i_code=11640993&cid=recitri&oid=BfG&mdiv=goodsDetail_momoshop-av-&ctype=B&recomd_id=rgc-hn5m_original_1699920671_3291701,5,330
,1,4,5,,Chloe’ 蔻依 復古 太陽眼鏡 CE742SA(透明茶色),https://www.momoshop.com.tw/goods/GoodsDetail.jsp?i_code=10290930&str_category_code=3102500039&mdiv=3102500000-bt_2_118_01-bt_2_118_01_e13&ctype=B&sourcePageType=4,5,77
,1,4,6,,MEGASOL UV400防眩偏光太陽眼鏡時尚女仕大框矩方框墨鏡(精緻水鑽氣派箭頭鏡架1906-5色選),https://www.momoshop.com.tw/goods/GoodsDetail.jsp?i_code=7003323&recomd_id=hotSale&cid=recitri&oid=BfG&mdiv=&ctype=B,5,85
,1,3,4,,MEGASOL 寶麗萊UV400摺疊偏光太陽眼鏡(晶鑽款超值2套MS6214Z-2),https://www.momoshop.com.tw/goods/GoodsDetail.jsp?i_code=4062070&cid=recitri&oid=BfG&mdiv=goodsDetail_momoshop-av-&ctype=B&recomd_id=rgc-rsj3_original_1699920759_22344225,5,32
,1,3,3,,Z-POLS 度數族必備 舒適加大包覆型Polarized寶麗來偏光太陽眼鏡(輕量 抗UV400 可包覆度數眼鏡超實用),https://www.momoshop.com.tw/goods/GoodsDetail.jsp?i_code=6272175&recomd_id=hotSale&cid=recitri&oid=BfG&mdiv=&ctype=B,5,87
,0,3,6,,MEGASOL UV400防眩偏光太陽眼鏡時尚女仕大框矩方框墨鏡(精緻水鑽氣派箭頭鏡架1906-5色選),https://www.momoshop.com.tw/goods/GoodsDetail.jsp?i_code=7003323&recomd_id=hotSale&cid=recitri&oid=BfG&mdiv=&ctype=B,5,45
,1,2,5,,CHANEL 香奈兒 經典雙C LOGO菱格紋絨布肩/斜背包(粉紅色AS4323-PINK-GP),https://www.momoshop.com.tw/goods/GoodsDetail.jsp?i_code=11717227&Area=search&mdiv=403&oid=2_5&cid=index&kw=CHANEL%E5%8C%85&mdiv=3100100000-bt_2_118_08-bt_2_118_08_e13&ctype=B&sourcePageType=4,5,98
,1,2,2,,CHANEL 香奈兒 經典雙C LOGO菱格紋漆皮拉鍊雙層手提/斜背小圓包(黑色AP2940V-BLK-GP),https://www.momoshop.com.tw/goods/GoodsDetail.jsp?i_code=10383354&cid=recitri&oid=BfG&mdiv=goodsDetail_momoshop-av-&ctype=B&recomd_id=rgc-mmht_original_1699920824_5154310,5,76
